playerId,season,name,team,position,situation,games_played,icetime,xGoals,goals,unblocked_shot_attempts,xRebounds,rebounds,xFreeze,freeze,xOnGoal,ongoal,xPlayStopped,playStopped,xPlayContinuedInZone,playContinuedInZone,xPlayContinuedOutsideZone,playContinuedOutsideZone,flurryAdjustedxGoals,lowDangerShots,mediumDangerShots,highDangerShots,lowDangerxGoals,mediumDangerxGoals,highDangerxGoals,lowDangerGoals,mediumDangerGoals,highDangerGoals,blocked_shot_attempts,penalityMinutes,penalties
8478048,2024,Igor Shesterkin,NYR,G,other,61,4629.0,14.02,13.0,141.0,6.44,12.0,18.21,9.0,85.83,80.0,1.79,0.0,44.89,41.0,25.52,37.0,12.7,60.0,31.0,21.0,2.38,3.81,7.83,4.0,1.0,8.0,29.0,0.0,0.0
8478048,2024,Igor Shesterkin,NYR,G,all,61,210308.0,188.56,167.0,3589.0,131.78,206.0,464.73,326.0,1929.05,1751.0,60.59,4.0,1023.25,775.0,737.94,1133.0,178.9,1869.0,513.0,228.0,52.99,64.1,71.46,56.0,64.0,47.0,979.0,6.0,3.0
8478048,2024,Igor Shesterkin,NYR,G,5on5,61,172568.0,133.92,118.0,2899.0,98.01,152.0,381.9,267.0,1531.57,1385.0,47.92,4.0,813.34,599.0,605.11,945.0,128.5,1539.0,395.0,149.0,43.4,49.14,41.39,46.0,52.0,20.0,816.0,4.0,2.0
8478048,2024,Igor Shesterkin,NYR,G,4on5,61,18561.0,36.41,31.0,483.0,25.35,39.0,59.34,49.0,273.29,249.0,2.14,0.0,152.95,127.0,81.0,117.0,33.6,234.0,76.0,54.0,6.04,9.75,20.63,4.0,9.0,18.0,119.0,2.0,1.0
8478048,2024,Igor Shesterkin,NYR,G,5on4,61,14550.0,4.16,5.0,65.0,1.93,3.0,5.15,1.0,37.7,37.0,8.7,0.0,11.7,8.0,25.9,33.0,4.06,35.0,11.0,4.0,1.14,1.41,1.6,2.0,2.0,1.0,15.0,0.0,0.0
8477967,2024,Thatcher Demko,VAN,G,other,23,2870.0,7.79,10.0,76.0,3.02,8.0,8.64,6.0,42.13,41.0,1.06,0.0,20.6,19.0,13.56,12.0,6.83,28.0,14.0,13.0,0.97,1.72,5.09,1.0,4.0,5.0,21.0,0.0,0.0
8477967,2024,Thatcher Demko,VAN,G,all,23,78118.0,64.44,63.0,1205.0,43.51,74.0,156.15,134.0,647.55,569.0,20.25,2.0,345.32,297.0,256.83,319.0,60.87,645.0,163.0,80.0,18.27,20.48,25.7,20.0,24.0,19.0,317.0,0.0,0.0
8477967,2024,Thatcher Demko,VAN,G,5on5,23,63367.0,42.72,38.0,957.0,32.26,55.0,129.02,112.0,507.44,438.0,15.25,2.0,275.48,239.0,206.35,258.0,40.84,546.0,109.0,48.0,15.3,13.66,13.76,16.0,14.0,8.0,254.0,0.0,0.0
8477967,2024,Thatcher Demko,VAN,G,4on5,23,5762.0,11.57,12.0,139.0,7.07,9.0,15.21,15.0,76.15,67.0,0.35,0.0,42.1,35.0,22.52,30.0,10.87,53.0,33.0,15.0,1.4,4.31,5.86,2.0,5.0,5.0,38.0,0.0,0.0
8477967,2024,Thatcher Demko,VAN,G,5on4,23,6119.0,2.05,2.0,29.0,0.99,2.0,2.63,1.0,18.65,20.0,3.48,0.0,5.9,4.0,12.85,16.0,2.03,16.0,5.0,4.0,0.51,0.56,0.98,1.0,0.0,1.0,4.0,0.0,0.0
8478872,2024,Karel Vejmelka,UTA,G,other,58,5257.0,11.44,9.0,163.0,6.07,6.0,16.45,18.0,85.26,78.0,1.83,2.0,47.86,39.0,29.28,42.0,10.3,68.0,30.0,16.0,2.4,3.84,5.2,2.0,2.0,5.0,49.0,0.0,0.0
8478872,2024,Karel Vejmelka,UTA,G,all,58,202100.0,159.18,145.0,3154.0,106.27,148.0,400.46,323.0,1642.17,1509.0,61.02,9.0,867.89,741.0,641.75,869.0,152.71,1618.0,450.0,163.0,47.56,55.62,56.0,46.0,42.0,57.0,923.0,0.0,0.0
8478872,2024,Karel Vejmelka,UTA,G,5on5,58,165127.0,107.82,91.0,2444.0,75.45,117.0,322.24,255.0,1256.14,1138.0,51.13,7.0,662.29,554.0,503.5,693.0,104.6,1281.0,330.0,103.0,37.17,41.05,29.59,36.0,30.0,25.0,730.0,0.0,0.0
8478872,2024,Karel Vejmelka,UTA,G,4on5,58,16260.0,35.98,35.0,472.0,22.45,24.0,53.61,47.0,254.39,240.0,0.89,0.0,141.53,135.0,78.2,98.0,33.93,227.0,70.0,43.0,6.57,8.46,20.94,4.0,4.0,27.0,132.0,0.0,0.0
8478872,2024,Karel Vejmelka,UTA,G,5on4,58,15456.0,2.26,6.0,55.0,1.46,0.0,5.51,3.0,32.71,39.0,6.74,0.0,10.47,9.0,24.16,27.0,2.24,36.0,8.0,1.0,1.15,0.85,0.26,4.0,2.0,0.0,10.0,0.0,0.0
8479979,2024,Jake Oettinger,DAL,G,other,58,4647.0,14.88,8.0,149.0,6.04,10.0,14.45,8.0,80.19,66.0,1.6,1.0,45.73,45.0,22.18,35.0,11.41,48.0,38.0,20.0,1.99,4.76,8.13,1.0,4.0,3.0,43.0,0.0,0.0
8479979,2024,Jake Oettinger,DAL,G,all,58,204604.0,157.65,147.0,3284.0,114.57,160.0,439.96,373.0,1782.37,1611.0,59.74,7.0,957.75,738.0,702.3,1009.0,148.58,1829.0,432.0,171.0,52.4,51.61,53.65,53.0,55.0,39.0,852.0,0.0,0.0
8479979,2024,Jake Oettinger,DAL,G,5on5,58,167985.0,117.4,112.0,2688.0,87.54,126.0,369.32,309.0,1438.25,1287.0,47.62,4.0,765.88,584.0,578.65,831.0,113.16,1508.0,340.0,119.0,43.64,40.32,33.45,43.0,45.0,24.0,721.0,0.0,0.0
8479979,2024,Jake Oettinger,DAL,G,4on5,58,15104.0,21.71,20.0,380.0,18.87,23.0,48.81,54.0,216.09,201.0,1.24,0.0,130.5,103.0,68.67,96.0,20.4,225.0,43.0,28.0,5.68,5.03,11.0,5.0,4.0,11.0,84.0,0.0,0.0
8479979,2024,Jake Oettinger,DAL,G,5on4,58,16868.0,3.16,4.0,60.0,1.83,1.0,6.7,2.0,43.79,53.0,9.21,2.0,13.88,5.0,31.14,46.0,3.12,45.0,9.0,4.0,0.92,1.18,1.06,2.0,1.0,1.0,2.0,0.0,0.0
8476883,2024,Andrei Vasilevskiy,TBL,G,other,63,5385.0,10.43,5.0,145.0,5.31,7.0,15.19,9.0,73.49,55.0,1.71,0.0,40.02,41.0,23.44,35.0,9.44,58.0,23.0,16.0,2.19,2.93,5.3,1.0,3.0,1.0,48.0,0.0,0.0
8476883,2024,Andrei Vasilevskiy,TBL,G,all,63,224585.0,165.16,136.0,3488.0,121.86,179.0,451.4,383.0,1828.06,1717.0,62.76,3.0,982.03,738.0,715.03,1052.0,155.88,1868.0,456.0,173.0,52.85,55.42,56.88,59.0,52.0,25.0,991.0,8.0,4.0
8476883,2024,Andrei Vasilevskiy,TBL,G,5on5,63,186678.0,121.52,96.0,2866.0,93.79,140.0,382.69,336.0,1493.16,1406.0,50.52,3.0,801.25,593.0,595.52,873.0,116.76,1562.0,370.0,113.0,44.36,44.76,32.39,51.0,38.0,7.0,821.0,6.0,3.0
8476883,2024,Andrei Vasilevskiy,TBL,G,4on5,63,15689.0,29.15,25.0,395.0,19.96,30.0,46.16,35.0,214.72,203.0,1.59,0.0,122.14,95.0,65.49,103.0,25.77,202.0,45.0,43.0,4.79,5.39,18.96,3.0,5.0,17.0,105.0,0.0,0.0
8476883,2024,Andrei Vasilevskiy,TBL,G,5on4,63,16833.0,2.84,7.0,63.0,1.89,2.0,5.51,2.0,36.01,42.0,8.76,0.0,12.39,2.0,26.16,37.0,2.83,39.0,10.0,1.0,1.21,1.4,0.23,4.0,3.0,0.0,13.0,2.0,1.0
8477968,2024,Alex Nedeljkovic,PIT,G,other,38,3196.0,9.06,10.0,105.0,4.32,10.0,11.07,11.0,54.74,55.0,1.07,2.0,29.83,26.0,16.88,16.0,7.88,39.0,22.0,12.0,1.75,2.97,4.33,2.0,6.0,2.0,32.0,0.0,0.0
8477968,2024,Alex Nedeljkovic,PIT,G,all,38,129051.0,111.02,112.0,2127.0,76.58,135.0,278.21,231.0,1135.72,1054.0,38.55,3.0,616.28,478.0,444.19,607.0,104.73,1142.0,297.0,126.0,32.7,36.92,41.39,43.0,37.0,32.0,562.0,2.0,1.0
8477968,2024,Alex Nedeljkovic,PIT,G,5on5,38,107191.0,79.31,80.0,1698.0,57.94,107.0,228.74,180.0,893.66,821.0,31.22,1.0,483.56,369.0,353.51,496.0,75.9,922.0,223.0,89.0,26.23,27.63,25.45,36.0,27.0,17.0,464.0,2.0,1.0
8477968,2024,Alex Nedeljkovic,PIT,G,4on5,38,9202.0,19.18,19.0,267.0,12.36,15.0,32.31,36.0,149.11,142.0,0.69,0.0,89.87,77.0,47.57,59.0,17.57,146.0,37.0,23.0,3.61,4.45,11.13,4.0,2.0,13.0,61.0,0.0,0.0
8477968,2024,Alex Nedeljkovic,PIT,G,5on4,38,9462.0,2.91,2.0,50.0,1.72,3.0,5.52,4.0,34.68,34.0,5.33,0.0,11.02,4.0,24.73,34.0,2.82,34.0,11.0,2.0,1.05,1.38,0.48,1.0,1.0,0.0,3.0,0.0,0.0
8476999,2024,Linus Ullmark,OTT,G,other,44,5425.0,14.89,8.0,174.0,7.27,15.0,18.89,12.0,90.15,78.0,1.57,0.0,53.53,46.0,25.09,42.0,12.68,71.0,28.0,24.0,2.64,3.68,8.57,1.0,3.0,4.0,51.0,0.0,0.0
8476999,2024,Linus Ullmark,OTT,G,all,44,148037.0,125.84,112.0,2446.0,88.96,156.0,315.56,272.0,1284.36,1230.0,43.95,3.0,701.47,566.0,491.15,654.0,116.86,1298.0,319.0,150.0,36.89,40.2,48.76,39.0,36.0,37.0,679.0,0.0,0.0
8476999,2024,Linus Ullmark,OTT,G,5on5,44,119321.0,84.56,82.0,1913.0,63.32,120.0,253.83,213.0,986.0,944.0,34.34,3.0,532.46,416.0,396.81,529.0,80.41,1046.0,225.0,94.0,29.78,28.17,26.61,37.0,24.0,21.0,548.0,0.0,0.0
8476999,2024,Linus Ullmark,OTT,G,4on5,44,10539.0,25.35,22.0,329.0,17.56,21.0,39.48,45.0,189.8,191.0,1.0,0.0,109.34,96.0,56.19,68.0,22.73,161.0,61.0,32.0,3.97,7.8,13.58,1.0,9.0,12.0,75.0,0.0,0.0
8476999,2024,Linus Ullmark,OTT,G,5on4,44,12752.0,0.79,0.0,27.0,0.73,0.0,3.07,2.0,16.69,15.0,6.79,0.0,5.55,8.0,12.34,13.0,0.78,20.0,3.0,0.0,0.51,0.29,0.0,0.0,0.0,0.0,4.0,0.0,0.0
8478009,2024,Ilya Sorokin,NYI,G,other,61,5485.0,20.29,15.0,220.0,9.01,18.0,22.91,14.0,118.26,112.0,1.83,0.0,66.51,63.0,34.35,47.0,15.86,83.0,43.0,31.0,3.57,5.42,11.3,5.0,4.0,6.0,63.0,0.0,0.0
8478009,2024,Ilya Sorokin,NYI,G,all,61,209931.0,175.54,158.0,3637.0,129.27,205.0,454.12,315.0,1886.51,1696.0,62.08,3.0,1024.99,860.0,737.16,1042.0,165.46,1936.0,460.0,188.0,56.21,58.23,61.1,64.0,55.0,39.0,1053.0,2.0,1.0
8478009,2024,Ilya Sorokin,NYI,G,5on5,61,176352.0,123.84,107.0,2929.0,96.09,150.0,372.99,261.0,1484.7,1329.0,50.73,2.0,803.75,670.0,596.64,851.0,119.67,1564.0,364.0,115.0,45.03,46.49,32.32,51.0,46.0,10.0,886.0,2.0,1.0
8478009,2024,Ilya Sorokin,NYI,G,4on5,61,13471.0,27.56,31.0,415.0,21.81,34.0,50.61,39.0,234.98,207.0,1.43,0.0,138.59,115.0,73.61,101.0,26.13,240.0,42.0,38.0,6.1,5.07,16.38,4.0,4.0,23.0,95.0,0.0,0.0
8478009,2024,Ilya Sorokin,NYI,G,5on4,61,14623.0,3.23,5.0,60.0,1.92,3.0,6.11,1.0,41.15,41.0,7.92,1.0,12.72,10.0,28.77,35.0,3.18,41.0,9.0,4.0,1.17,0.97,1.09,4.0,1.0,0.0,6.0,0.0,0.0
8476945,2024,Connor Hellebuyck,WPG,G,other,63,5710.0,12.76,9.0,168.0,6.93,14.0,17.34,12.0,85.95,77.0,1.95,0.0,48.52,42.0,25.49,37.0,11.36,69.0,26.0,19.0,2.64,3.33,6.79,2.0,2.0,5.0,54.0,0.0,0.0
8476945,2024,Connor Hellebuyck,WPG,G,all,63,224482.0,164.59,125.0,3647.0,126.0,204.0,471.41,362.0,1875.65,1664.0,64.54,1.0,1027.63,897.0,744.98,1007.0,156.54,1993.0,433.0,173.0,54.58,54.36,55.65,52.0,35.0,38.0,1048.0,2.0,1.0
8476945,2024,Connor Hellebuyck,WPG,G,5on5,63,189605.0,120.14,85.0,2977.0,96.22,152.0,395.11,314.0,1517.17,1339.0,53.55,0.0,835.25,734.0,618.22,828.0,115.71,1665.0,344.0,108.0,46.27,43.31,30.56,42.0,24.0,19.0,860.0,2.0,1.0
8476945,2024,Connor Hellebuyck,WPG,G,4on5,63,14662.0,28.17,28.0,431.0,20.76,33.0,51.38,32.0,227.6,200.0,1.13,0.0,129.25,113.0,69.59,101.0,26.05,211.0,54.0,42.0,4.4,6.47,17.29,6.0,9.0,13.0,124.0,0.0,0.0
8476945,2024,Connor Hellebuyck,WPG,G,5on4,63,14505.0,3.42,3.0,68.0,2.01,5.0,7.09,4.0,42.85,45.0,7.8,0.0,13.76,7.0,30.28,39.0,3.31,45.0,9.0,4.0,1.16,1.24,1.01,2.0,0.0,1.0,10.0,0.0,0.0
8480280,2024,Jeremy Swayman,BOS,G,other,58,5001.0,13.14,16.0,163.0,6.75,10.0,18.3,15.0,91.19,85.0,1.73,2.0,50.41,42.0,29.96,38.0,12.18,77.0,26.0,19.0,3.33,3.03,6.79,5.0,4.0,7.0,41.0,0.0,0.0
8480280,2024,Jeremy Swayman,BOS,G,all,58,203435.0,166.9,176.0,3376.0,115.47,163.0,431.8,386.0,1773.77,1632.0,53.68,4.0,961.42,767.0,712.22,948.0,160.05,1830.0,443.0,175.0,52.57,55.11,59.22,77.0,58.0,41.0,928.0,2.0,1.0
8480280,2024,Jeremy Swayman,BOS,G,5on5,58,167513.0,114.44,115.0,2723.0,86.53,126.0,356.26,312.0,1395.71,1271.0,42.43,2.0,767.05,614.0,569.25,771.0,110.48,1501.0,338.0,102.0,42.23,42.45,29.76,62.0,41.0,12.0,782.0,2.0,1.0
8480280,2024,Jeremy Swayman,BOS,G,4on5,58,14724.0,31.28,39.0,382.0,18.38,20.0,45.74,55.0,212.69,205.0,1.17,0.0,120.74,95.0,63.89,75.0,29.82,186.0,58.0,43.0,5.04,6.92,19.33,7.0,12.0,20.0,95.0,0.0,0.0
8480280,2024,Jeremy Swayman,BOS,G,5on4,58,16197.0,7.72,5.0,104.0,3.64,7.0,10.82,4.0,71.07,68.0,8.18,0.0,22.02,16.0,47.54,61.0,7.26,64.0,19.0,11.0,1.9,2.48,3.34,2.0,1.0,2.0,10.0,0.0,0.0
8482821,2024,Arvid Soderblom,CHI,G,other,36,2591.0,7.55,6.0,85.0,4.22,7.0,9.95,6.0,50.97,51.0,0.72,0.0,28.99,28.0,15.55,21.0,7.06,43.0,14.0,11.0,1.79,1.84,3.91,2.0,0.0,4.0,17.0,0.0,0.0
8482821,2024,Arvid Soderblom,CHI,G,all,36,125790.0,111.96,111.0,2187.0,81.73,124.0,283.05,201.0,1190.4,1087.0,30.03,1.0,654.81,503.0,464.83,695.0,106.11,1223.0,294.0,119.0,36.44,38.44,37.08,48.0,40.0,23.0,551.0,0.0,0.0
8482821,2024,Arvid Soderblom,CHI,G,5on5,36,107784.0,81.67,92.0,1815.0,63.51,93.0,238.38,168.0,972.13,888.0,26.2,1.0,535.21,399.0,392.8,590.0,78.53,1035.0,229.0,80.0,30.41,30.04,21.22,43.0,37.0,12.0,471.0,0.0,0.0
8482821,2024,Arvid Soderblom,CHI,G,4on5,36,9349.0,19.15,9.0,253.0,13.0,21.0,31.75,27.0,145.99,127.0,0.66,0.0,84.4,71.0,43.92,69.0,17.11,129.0,45.0,23.0,3.89,5.59,9.66,3.0,2.0,4.0,56.0,0.0,0.0
8482821,2024,Arvid Soderblom,CHI,G,5on4,36,6066.0,1.91,2.0,29.0,0.86,2.0,2.43,0.0,17.88,17.0,2.43,0.0,5.51,5.0,11.75,14.0,1.87,15.0,5.0,3.0,0.31,0.79,0.81,0.0,1.0,1.0,6.0,0.0,0.0
8475660,2024,Cam Talbot,DET,G,other,47,3392.0,12.89,12.0,130.0,5.29,10.0,12.78,15.0,68.92,59.0,1.22,0.0,39.84,40.0,16.89,13.0,11.26,38.0,31.0,21.0,1.55,3.73,7.6,3.0,4.0,5.0,40.0,0.0,0.0
8475660,2024,Cam Talbot,DET,G,all,47,158530.0,141.8,129.0,2709.0,95.55,155.0,347.86,291.0,1427.61,1296.0,43.57,2.0,764.24,646.0,548.24,721.0,132.85,1418.0,355.0,173.0,39.19,44.43,58.19,45.0,39.0,45.0,763.0,0.0,0.0
8475660,2024,Cam Talbot,DET,G,5on5,47,134816.0,100.34,78.0,2209.0,73.64,124.0,296.48,251.0,1158.73,1044.0,35.56,1.0,616.12,523.0,460.65,609.0,94.99,1195.0,279.0,113.0,32.85,35.04,32.45,35.0,30.0,13.0,622.0,0.0,0.0
8475660,2024,Cam Talbot,DET,G,4on5,47,9338.0,25.89,33.0,322.0,15.04,21.0,34.46,23.0,171.78,158.0,0.68,0.0,98.56,78.0,51.7,74.0,23.96,159.0,36.0,36.0,4.03,4.36,17.5,4.0,4.0,25.0,91.0,0.0,0.0
8475660,2024,Cam Talbot,DET,G,5on4,47,10984.0,2.33,6.0,40.0,1.35,0.0,3.43,2.0,24.42,31.0,5.96,1.0,7.94,3.0,17.18,22.0,2.3,23.0,7.0,3.0,0.65,1.05,0.63,3.0,1.0,2.0,7.0,0.0,0.0
8474593,2024,Jacob Markstrom,NJD,G,other,49,3969.0,9.49,8.0,125.0,5.25,11.0,14.13,9.0,67.42,60.0,1.5,0.0,41.03,37.0,21.74,28.0,8.42,55.0,26.0,13.0,2.25,2.76,4.48,4.0,1.0,3.0,31.0,0.0,0.0
8474593,2024,Jacob Markstrom,NJD,G,all,49,174181.0,124.43,121.0,2677.0,94.02,124.0,343.24,262.0,1395.69,1214.0,51.61,2.0,767.28,600.0,556.72,822.0,117.33,1454.0,355.0,124.0,41.35,43.81,39.27,60.0,40.0,21.0,744.0,0.0,0.0
8474593,2024,Jacob Markstrom,NJD,G,5on5,49,145633.0,87.54,92.0,2143.0,69.78,87.0,285.72,226.0,1115.18,970.0,41.59,2.0,609.17,462.0,456.05,676.0,85.35,1191.0,285.0,70.0,33.39,35.21,18.94,47.0,35.0,10.0,597.0,0.0,0.0
8474593,2024,Jacob Markstrom,NJD,G,4on5,49,13683.0,23.3,19.0,349.0,16.91,24.0,37.73,26.0,175.47,147.0,1.14,0.0,104.33,96.0,55.83,79.0,19.58,177.0,29.0,38.0,4.5,3.86,14.93,8.0,3.0,8.0,105.0,0.0,0.0
8474593,2024,Jacob Markstrom,NJD,G,5on4,49,10896.0,3.01,1.0,46.0,1.52,2.0,4.07,1.0,28.46,30.0,6.98,0.0,8.87,4.0,18.54,29.0,2.89,25.0,9.0,3.0,0.84,1.24,0.92,1.0,0.0,0.0,9.0,0.0,0.0
8482411,2024,Hunter Shepard,WSH,G,other,1,8.0,0.0,0.0,0.0,0.0,0.0,0.0,0.0,0.0,0.0,0.0,0.0,0.0,0.0,0.0,0.0,0.0,0.0,0.0,0.0,0.0,0.0,0.0,0.0,0.0,0.0,0.0,0.0,0.0
8482411,2024,Hunter Shepard,WSH,G,all,1,3600.0,3.23,7.0,59.0,1.7,1.0,6.62,6.0,28.98,26.0,0.98,0.0,14.31,10.0,11.26,14.0,3.21,24.0,11.0,3.0,0.77,1.46,1.01,2.0,4.0,1.0,21.0,0.0,0.0
8482411,2024,Hunter Shepard,WSH,G,5on5,1,3128.0,3.02,7.0,52.0,1.5,1.0,5.8,5.0,26.0,24.0,0.87,0.0,12.7,8.0,10.21,13.0,3.0,20.0,11.0,3.0,0.56,1.46,1.01,2.0,4.0,1.0,18.0,0.0,0.0
8482411,2024,Hunter Shepard,WSH,G,4on5,1,232.0,0.21,0.0,7.0,0.2,0.0,0.82,1.0,2.98,2.0,0.0,0.0,1.62,2.0,1.05,1.0,0.21,4.0,0.0,0.0,0.21,0.0,0.0,0.0,0.0,0.0,3.0,0.0,0.0
8482411,2024,Hunter Shepard,WSH,G,5on4,1,232.0,0.0,0.0,0.0,0.0,0.0,0.0,0.0,0.0,0.0,0.12,0.0,0.0,0.0,0.0,0.0,0.0,0.0,0.0,0.0,0.0,0.0,0.0,0.0,0.0,0.0,0.0,0.0,0.0
8475717,2024,Calvin Pickard,EDM,G,other,36,3105.0,4.03,1.0,87.0,3.06,4.0,8.84,7.0,40.58,40.0,0.87,0.0,23.84,25.0,13.78,18.0,3.39,41.0,9.0,5.0,1.41,1.0,1.62,0.0,1.0,0.0,32.0,0.0,0.0
8475717,2024,Calvin Pickard,EDM,G,all,36,112903.0,75.91,85.0,1666.0,54.25,69.0,212.2,147.0,875.05,849.0,35.39,2.0,475.46,368.0,354.15,530.0,73.04,917.0,212.0,72.0,27.0,25.96,22.95,37.0,30.0,18.0,465.0,0.0,0.0
8475717,2024,Calvin Pickard,EDM,G,5on5,36,94035.0,56.91,64.0,1359.0,42.9,58.0,180.04,121.0,715.3,699.0,29.31,2.0,388.94,296.0,291.46,444.0,55.28,771.0,162.0,51.0,22.3,19.99,14.64,32.0,21.0,11.0,375.0,0.0,0.0
8475717,2024,Calvin Pickard,EDM,G,4on5,36,7327.0,12.84,17.0,180.0,7.09,6.0,19.0,16.0,90.08,81.0,0.64,0.0,53.55,41.0,28.58,43.0,12.29,76.0,33.0,15.0,2.54,3.87,6.44,3.0,7.0,7.0,56.0,0.0,0.0
8475717,2024,Calvin Pickard,EDM,G,5on4,36,8436.0,1.87,2.0,36.0,1.05,1.0,3.83,2.0,26.31,26.0,4.41,0.0,7.88,5.0,18.59,24.0,1.82,26.0,7.0,1.0,0.6,1.01,0.26,1.0,1.0,0.0,2.0,0.0,0.0
8479361,2024,Joseph Woll,TOR,G,other,42,4582.0,11.41,10.0,153.0,6.64,8.0,15.99,14.0,80.56,66.0,1.38,0.0,49.56,51.0,23.51,27.0,9.89,63.0,33.0,14.0,2.66,4.18,4.57,3.0,5.0,2.0,43.0,0.0,0.0
8479361,2024,Joseph Woll,TOR,G,all,42,146540.0,127.85,111.0,2558.0,88.27,143.0,324.84,276.0,1324.41,1216.0,41.74,2.0,727.47,590.0,518.94,710.0,120.4,1354.0,333.0,145.0,38.31,40.97,48.57,45.0,42.0,24.0,726.0,0.0,0.0
8479361,2024,Joseph Woll,TOR,G,5on5,42,123557.0,81.36,74.0,2045.0,65.16,103.0,266.35,223.0,1033.32,948.0,34.32,2.0,571.07,438.0,423.06,602.0,79.13,1126.0,238.0,78.0,30.02,29.37,21.98,38.0,27.0,9.0,603.0,0.0,0.0
8479361,2024,Joseph Woll,TOR,G,4on5,42,9511.0,31.1,25.0,304.0,14.48,26.0,36.01,33.0,172.22,159.0,0.72,0.0,94.11,90.0,47.79,55.0,27.63,129.0,55.0,45.0,4.53,6.61,19.95,4.0,8.0,13.0,75.0,0.0,0.0
8479361,2024,Joseph Woll,TOR,G,5on4,42,8890.0,3.71,2.0,47.0,1.76,6.0,5.56,4.0,34.1,38.0,4.97,0.0,10.49,10.0,22.34,23.0,3.5,30.0,7.0,8.0,0.84,0.81,2.06,0.0,2.0,0.0,2.0,0.0,0.0
8483530,2024,Jaxson Stauber,UTA,G,other,6,499.0,0.85,0.0,19.0,0.74,1.0,2.29,0.0,10.04,7.0,0.17,0.0,6.06,6.0,3.71,6.0,0.79,12.0,1.0,1.0,0.43,0.11,0.3,0.0,0.0,0.0,5.0,0.0,0.0
8483530,2024,Jaxson Stauber,UTA,G,all,6,18791.0,17.43,17.0,328.0,11.12,17.0,41.34,28.0,171.5,158.0,4.9,0.0,90.88,86.0,65.67,83.0,16.62,163.0,49.0,20.0,5.14,6.12,6.16,6.0,8.0,3.0,96.0,0.0,0.0
8483530,2024,Jaxson Stauber,UTA,G,5on5,6,15257.0,12.59,15.0,255.0,8.42,15.0,34.05,22.0,134.6,127.0,4.01,0.0,70.71,67.0,52.79,64.0,12.04,136.0,33.0,14.0,4.09,4.27,4.22,6.0,7.0,2.0,72.0,0.0,0.0
8483530,2024,Jaxson Stauber,UTA,G,4on5,6,1567.0,3.23,2.0,46.0,1.75,1.0,4.56,6.0,22.66,20.0,0.07,0.0,12.97,12.0,6.79,9.0,3.05,13.0,14.0,3.0,0.58,1.54,1.11,0.0,1.0,1.0,16.0,0.0,0.0
8483530,2024,Jaxson Stauber,UTA,G,5on4,6,1468.0,0.75,0.0,8.0,0.2,0.0,0.43,0.0,4.21,4.0,0.64,0.0,1.14,1.0,2.37,4.0,0.75,2.0,1.0,2.0,0.03,0.2,0.52,0.0,0.0,0.0,3.0,0.0,0.0
8481611,2024,Pyotr Kochetkov,CAR,G,other,47,4023.0,11.1,8.0,135.0,5.3,8.0,14.05,10.0,66.29,59.0,1.22,1.0,38.41,41.0,16.75,21.0,10.47,52.0,21.0,15.0,1.88,2.47,6.75,2.0,0.0,6.0,47.0,0.0,0.0
8481611,2024,Pyotr Kochetkov,CAR,G,all,47,167442.0,126.99,121.0,2306.0,86.78,151.0,306.93,232.0,1269.16,1172.0,56.13,3.0,671.94,495.0,481.23,711.0,121.03,1210.0,354.0,153.0,34.9,43.06,49.03,41.0,46.0,34.0,589.0,8.0,4.0
8481611,2024,Pyotr Kochetkov,CAR,G,5on5,47,138453.0,93.43,95.0,1864.0,65.89,113.0,252.98,193.0,1019.24,947.0,47.24,2.0,536.54,388.0,400.49,588.0,89.48,997.0,276.0,111.0,28.87,33.84,30.72,37.0,41.0,17.0,480.0,8.0,4.0
8481611,2024,Pyotr Kochetkov,CAR,G,4on5,47,12219.0,19.74,16.0,262.0,14.1,30.0,36.1,27.0,156.97,137.0,1.26,0.0,88.64,62.0,46.13,75.0,18.37,139.0,47.0,24.0,3.56,5.47,10.71,1.0,4.0,11.0,52.0,0.0,0.0
8481611,2024,Pyotr Kochetkov,CAR,G,5on4,47,12747.0,2.67,1.0,44.0,1.45,0.0,3.67,2.0,25.97,28.0,6.39,0.0,8.03,4.0,17.42,27.0,2.65,21.0,10.0,3.0,0.55,1.28,0.84,0.0,1.0,0.0,10.0,0.0,0.0
8477992,2024,Jonas Johansson,TBL,G,other,19,1847.0,3.03,1.0,39.0,1.59,0.0,3.82,3.0,19.19,15.0,0.65,0.0,10.72,13.0,5.07,8.0,2.89,13.0,8.0,4.0,0.44,1.17,1.42,0.0,0.0,1.0,14.0,0.0,0.0
8477992,2024,Jonas Johansson,TBL,G,all,19,66615.0,56.95,58.0,1115.0,41.7,66.0,150.21,119.0,606.21,554.0,19.25,1.0,327.5,259.0,236.54,332.0,53.34,610.0,162.0,62.0,18.54,19.89,18.51,27.0,20.0,11.0,281.0,0.0,0.0
8477992,2024,Jonas Johansson,TBL,G,5on5,19,57246.0,43.36,43.0,929.0,32.76,52.0,126.66,99.0,498.74,455.0,16.08,1.0,271.08,209.0,199.08,287.0,40.57,521.0,122.0,47.0,15.22,14.61,13.53,23.0,12.0,8.0,239.0,0.0,0.0
8477992,2024,Jonas Johansson,TBL,G,4on5,19,3503.0,8.78,10.0,116.0,6.19,14.0,16.01,16.0,67.21,62.0,0.43,0.0,37.35,30.0,19.12,20.0,8.11,54.0,25.0,11.0,2.02,3.18,3.57,2.0,6.0,2.0,26.0,0.0,0.0
8477992,2024,Jonas Johansson,TBL,G,5on4,19,4019.0,1.09,3.0,20.0,0.64,0.0,2.35,1.0,14.07,16.0,1.79,0.0,4.73,3.0,9.71,12.0,1.07,15.0,4.0,0.0,0.56,0.52,0.0,1.0,2.0,0.0,1.0,0.0,0.0
8483710,2024,Dennis Hildeby,TOR,G,other,6,712.0,1.16,1.0,16.0,0.58,0.0,1.82,3.0,8.23,9.0,0.25,0.0,4.64,4.0,3.5,4.0,1.15,9.0,2.0,1.0,0.36,0.29,0.5,1.0,0.0,0.0,4.0,0.0,0.0
8483710,2024,Dennis Hildeby,TOR,G,all,6,21649.0,15.65,20.0,345.0,11.63,19.0,44.39,36.0,179.51,157.0,5.93,1.0,97.15,78.0,73.77,96.0,15.03,193.0,42.0,14.0,5.46,5.49,4.7,9.0,6.0,5.0,96.0,0.0,0.0
8483710,2024,Dennis Hildeby,TOR,G,5on5,6,17794.0,12.21,16.0,280.0,9.16,18.0,38.05,25.0,148.59,122.0,4.83,1.0,79.76,66.0,60.5,80.0,11.67,160.0,34.0,11.0,4.3,4.33,3.58,8.0,5.0,3.0,75.0,0.0,0.0
8483710,2024,Dennis Hildeby,TOR,G,4on5,6,1384.0,1.78,2.0,40.0,1.54,1.0,3.49,7.0,16.23,18.0,0.08,0.0,10.55,7.0,5.07,6.0,1.71,17.0,5.0,1.0,0.66,0.72,0.4,0.0,1.0,1.0,17.0,0.0,0.0
8483710,2024,Dennis Hildeby,TOR,G,5on4,6,1759.0,0.5,1.0,9.0,0.35,0.0,1.03,1.0,6.46,8.0,0.77,0.0,2.21,1.0,4.69,6.0,0.5,7.0,1.0,1.0,0.14,0.15,0.21,0.0,0.0,1.0,0.0,0.0,0.0
8478435,2024,Dan Vladar,CGY,G,other,30,2520.0,7.62,7.0,104.0,3.9,5.0,11.02,8.0,54.93,41.0,1.06,2.0,30.95,30.0,18.61,24.0,7.1,48.0,17.0,9.0,1.81,2.36,3.45,4.0,1.0,2.0,30.0,0.0,0.0
8478435,2024,Dan Vladar,CGY,G,all,30,106862.0,83.91,83.0,1743.0,57.98,80.0,217.53,182.0,888.29,810.0,30.53,4.0,485.05,385.0,348.76,490.0,80.19,905.0,233.0,86.0,26.7,29.29,27.92,30.0,35.0,18.0,519.0,2.0,1.0
8478435,2024,Dan Vladar,CGY,G,5on5,30,88969.0,57.28,52.0,1397.0,43.26,62.0,180.07,158.0,701.12,639.0,25.13,1.0,380.24,297.0,282.65,395.0,55.31,748.0,171.0,49.0,21.06,21.97,14.25,21.0,27.0,4.0,429.0,2.0,1.0
8478435,2024,Dan Vladar,CGY,G,4on5,30,7450.0,16.9,21.0,212.0,9.85,11.0,23.25,16.0,112.94,110.0,0.58,0.0,67.42,55.0,35.82,54.0,15.75,95.0,37.0,25.0,3.5,3.95,9.45,5.0,6.0,10.0,55.0,0.0,0.0
8478435,2024,Dan Vladar,CGY,G,5on4,30,7923.0,1.32,1.0,20.0,0.59,2.0,1.98,0.0,12.76,12.0,3.62,1.0,3.98,2.0,8.68,12.0,1.27,10.0,6.0,1.0,0.23,0.75,0.34,0.0,0.0,1.0,3.0,0.0,0.0
8474596,2024,Jake Allen,NJD,G,other,31,2955.0,5.85,2.0,68.0,2.38,3.0,6.58,9.0,33.71,27.0,0.67,1.0,20.14,17.0,9.86,15.0,4.58,27.0,11.0,8.0,1.11,1.35,3.4,1.0,0.0,1.0,22.0,0.0,0.0
8474596,2024,Jake Allen,NJD,G,all,31,104290.0,95.42,77.0,1700.0,62.18,128.0,224.16,170.0,912.07,821.0,28.64,4.0,482.28,359.0,351.39,509.0,87.87,910.0,215.0,122.0,25.79,27.29,42.34,21.0,33.0,23.0,453.0,0.0,0.0
8474596,2024,Jake Allen,NJD,G,5on5,31,86478.0,66.36,55.0,1403.0,47.47,95.0,189.71,149.0,738.05,663.0,22.67,0.0,394.95,301.0,292.76,415.0,63.02,763.0,174.0,80.0,21.31,22.26,22.8,18.0,26.0,11.0,386.0,0.0,0.0
8474596,2024,Jake Allen,NJD,G,4on5,31,7055.0,20.59,17.0,190.0,10.96,28.0,23.8,11.0,113.39,101.0,0.67,0.0,58.85,34.0,30.97,59.0,17.75,98.0,19.0,32.0,2.7,2.24,15.65,1.0,5.0,11.0,41.0,0.0,0.0
8474596,2024,Jake Allen,NJD,G,5on4,31,7802.0,2.22,2.0,34.0,1.19,2.0,3.55,1.0,23.73,26.0,4.48,3.0,6.99,6.0,16.33,19.0,2.14,21.0,8.0,2.0,0.62,1.11,0.49,1.0,1.0,0.0,3.0,0.0,0.0
8478406,2024,Mackenzie Blackwood,COL,G,other,56,4404.0,11.56,7.0,162.0,6.74,13.0,16.57,18.0,80.57,68.0,2.06,1.0,47.0,46.0,23.98,25.0,10.1,66.0,25.0,18.0,2.24,3.31,6.0,3.0,3.0,1.0,53.0,0.0,0.0
8478406,2024,Mackenzie Blackwood,COL,G,all,56,193418.0,150.32,137.0,3209.0,113.62,194.0,418.14,311.0,1687.02,1550.0,56.29,4.0,913.66,773.0,654.57,887.0,143.31,1727.0,421.0,159.0,48.05,52.83,49.43,64.0,39.0,34.0,902.0,2.0,1.0
8478406,2024,Mackenzie Blackwood,COL,G,5on5,56,159925.0,110.04,105.0,2584.0,84.72,149.0,345.23,250.0,1342.4,1226.0,45.63,2.0,722.03,597.0,532.37,734.0,105.99,1409.0,321.0,109.0,38.78,40.69,30.57,54.0,30.0,21.0,745.0,2.0,1.0
8478406,2024,Mackenzie Blackwood,COL,G,4on5,56,14209.0,24.81,21.0,392.0,20.13,28.0,49.8,41.0,220.1,210.0,1.61,0.0,130.78,124.0,67.9,87.0,23.44,210.0,63.0,28.0,5.9,7.41,11.5,5.0,5.0,11.0,91.0,0.0,0.0
8478406,2024,Mackenzie Blackwood,COL,G,5on4,56,14880.0,3.8,4.0,67.0,1.95,4.0,6.28,1.0,42.56,44.0,6.76,1.0,13.18,6.0,29.46,40.0,3.68,41.0,11.0,4.0,1.11,1.33,1.36,2.0,1.0,1.0,11.0,0.0,0.0
8478007,2024,Elvis Merzlikins,CBJ,G,other,53,4665.0,12.7,14.0,161.0,5.9,6.0,16.2,15.0,81.64,75.0,1.33,0.0,45.27,44.0,27.07,30.0,11.37,64.0,28.0,18.0,2.73,3.53,6.44,2.0,6.0,6.0,51.0,0.0,0.0
8478007,2024,Elvis Merzlikins,CBJ,G,all,53,190255.0,159.83,168.0,3324.0,114.9,174.0,412.8,279.0,1696.89,1557.0,53.48,5.0,925.06,773.0,660.81,928.0,152.48,1734.0,417.0,180.0,48.37,52.5,58.95,69.0,52.0,47.0,993.0,8.0,4.0
8478007,2024,Elvis Merzlikins,CBJ,G,5on5,53,160595.0,115.04,114.0,2708.0,87.22,147.0,342.68,225.0,1358.68,1230.0,45.17,5.0,734.83,609.0,544.95,769.0,110.25,1435.0,315.0,121.0,39.69,40.14,35.2,61.0,34.0,19.0,837.0,8.0,4.0
8478007,2024,Elvis Merzlikins,CBJ,G,4on5,53,14101.0,28.52,36.0,403.0,19.99,19.0,48.74,37.0,224.0,217.0,1.47,0.0,133.64,110.0,67.66,103.0,27.38,208.0,61.0,37.0,5.16,7.14,16.23,4.0,10.0,22.0,97.0,0.0,0.0
8478007,2024,Elvis Merzlikins,CBJ,G,5on4,53,10894.0,2.37,4.0,37.0,1.15,0.0,3.27,0.0,23.62,27.0,5.27,0.0,7.36,6.0,17.14,22.0,2.37,22.0,7.0,3.0,0.65,0.98,0.75,2.0,2.0,0.0,5.0,0.0,0.0
8476932,2024,Anthony Stolarz,TOR,G,other,34,3347.0,8.92,8.0,108.0,4.56,7.0,10.09,9.0,54.02,50.0,1.32,0.0,33.18,31.0,14.36,18.0,5.88,42.0,17.0,14.0,1.54,1.98,5.39,1.0,3.0,4.0,35.0,0.0,0.0
8476932,2024,Anthony Stolarz,TOR,G,all,34,119214.0,96.78,71.0,2133.0,72.96,126.0,271.66,189.0,1084.66,955.0,31.17,2.0,596.59,520.0,426.02,595.0,89.92,1142.0,248.0,111.0,30.41,31.81,34.58,24.0,27.0,20.0,632.0,0.0,0.0
8476932,2024,Anthony Stolarz,TOR,G,5on5,34,96564.0,65.15,41.0,1677.0,52.34,101.0,218.3,147.0,833.24,729.0,23.83,2.0,453.91,382.0,337.91,485.0,62.23,917.0,166.0,73.0,23.82,21.47,19.86,18.0,16.0,7.0,521.0,0.0,0.0
8476932,2024,Anthony Stolarz,TOR,G,4on5,34,10437.0,18.85,20.0,301.0,14.07,15.0,37.44,32.0,163.28,139.0,0.86,0.0,97.5,99.0,51.65,59.0,18.07,153.0,51.0,21.0,4.07,6.23,8.55,5.0,6.0,9.0,76.0,0.0,0.0
8476932,2024,Anthony Stolarz,TOR,G,5on4,34,8866.0,3.43,2.0,41.0,1.76,3.0,4.88,1.0,29.59,33.0,4.98,0.0,10.02,7.0,19.84,28.0,3.3,26.0,12.0,3.0,0.75,1.91,0.77,0.0,2.0,0.0,0.0,0.0,0.0
8479973,2024,Stuart Skinner,EDM,G,other,51,3995.0,10.62,7.0,140.0,5.4,8.0,15.52,11.0,73.6,74.0,1.35,0.0,42.77,48.0,24.01,27.0,10.13,63.0,26.0,12.0,2.54,3.16,4.92,3.0,1.0,3.0,39.0,0.0,0.0
8479973,2024,Stuart Skinner,EDM,G,all,51,176547.0,136.48,138.0,2731.0,94.12,161.0,355.45,296.0,1435.63,1325.0,52.24,6.0,765.81,609.0,553.98,747.0,130.07,1461.0,333.0,161.0,41.41,41.09,53.99,55.0,49.0,34.0,776.0,0.0,0.0
8479973,2024,Stuart Skinner,EDM,G,5on5,51,149547.0,98.85,103.0,2212.0,71.85,128.0,293.88,245.0,1147.62,1045.0,43.9,6.0,607.39,468.0,453.0,617.0,94.8,1176.0,277.0,111.0,33.21,34.3,31.33,47.0,40.0,16.0,648.0,0.0,0.0
8479973,2024,Stuart Skinner,EDM,G,4on5,51,11620.0,23.72,25.0,327.0,14.85,22.0,40.14,37.0,178.56,170.0,0.95,0.0,102.97,86.0,54.22,71.0,21.89,186.0,22.0,34.0,4.6,2.59,16.53,3.0,7.0,15.0,85.0,0.0,0.0
8479973,2024,Stuart Skinner,EDM,G,5on4,51,11385.0,3.03,2.0,41.0,1.42,2.0,4.23,1.0,29.3,28.0,5.69,0.0,9.31,4.0,20.02,30.0,2.99,28.0,7.0,4.0,0.88,0.94,1.21,1.0,1.0,0.0,2.0,0.0,0.0
8476434,2024,John Gibson,ANA,G,other,29,2468.0,10.59,6.0,100.0,4.02,4.0,9.16,12.0,49.1,53.0,0.52,0.0,29.76,31.0,12.52,15.0,8.13,32.0,21.0,15.0,1.29,2.48,6.82,0.0,2.0,4.0,32.0,0.0,0.0
8476434,2024,John Gibson,ANA,G,all,29,93729.0,87.34,72.0,1696.0,59.32,86.0,212.58,203.0,879.55,812.0,26.64,3.0,478.85,382.0,342.2,465.0,82.19,894.0,214.0,102.0,26.39,26.16,34.79,17.0,26.0,29.0,486.0,4.0,2.0
8476434,2024,John Gibson,ANA,G,5on5,29,78066.0,59.81,48.0,1397.0,46.06,72.0,180.39,169.0,713.1,652.0,21.59,1.0,386.53,306.0,286.15,386.0,57.81,755.0,163.0,65.0,21.76,20.02,18.03,15.0,19.0,14.0,414.0,4.0,2.0
8476434,2024,John Gibson,ANA,G,4on5,29,6527.0,14.46,15.0,167.0,7.97,9.0,18.79,18.0,93.41,82.0,0.97,0.0,53.71,42.0,29.16,43.0,13.8,84.0,24.0,19.0,2.44,2.88,9.14,1.0,4.0,10.0,40.0,0.0,0.0
8476434,2024,John Gibson,ANA,G,5on4,29,6668.0,1.58,2.0,19.0,0.74,0.0,2.33,4.0,14.24,17.0,3.44,2.0,4.38,1.0,9.5,12.0,1.57,13.0,4.0,2.0,0.46,0.53,0.59,1.0,1.0,0.0,0.0,0.0,0.0
8470594,2024,Marc-Andre Fleury,MIN,G,other,26,2211.0,5.13,4.0,73.0,3.02,6.0,7.47,2.0,38.42,34.0,0.69,0.0,24.15,22.0,12.84,20.0,4.74,32.0,16.0,6.0,1.38,1.82,1.93,1.0,2.0,1.0,19.0,0.0,0.0
8470594,2024,Marc-Andre Fleury,MIN,G,all,26,83416.0,59.92,68.0,1351.0,45.84,60.0,169.5,106.0,698.49,670.0,22.68,0.0,388.42,325.0,278.23,406.0,57.43,736.0,178.0,51.0,20.66,21.84,17.42,25.0,29.0,14.0,386.0,2.0,1.0
8470594,2024,Marc-Andre Fleury,MIN,G,5on5,26,70292.0,42.26,48.0,1125.0,35.84,44.0,144.17,95.0,571.33,551.0,18.54,0.0,317.43,265.0,233.35,340.0,40.77,628.0,134.0,30.0,17.07,16.77,8.42,21.0,23.0,4.0,333.0,2.0,1.0
8470594,2024,Marc-Andre Fleury,MIN,G,4on5,26,4944.0,11.26,15.0,123.0,5.99,10.0,14.94,9.0,71.27,66.0,0.27,0.0,39.95,32.0,20.71,29.0,10.65,57.0,25.0,13.0,1.74,2.94,6.58,3.0,3.0,9.0,28.0,0.0,0.0
8470594,2024,Marc-Andre Fleury,MIN,G,5on4,26,5969.0,0.96,1.0,22.0,0.62,0.0,2.11,0.0,12.92,14.0,3.11,0.0,4.22,3.0,9.63,14.0,0.95,15.0,1.0,2.0,0.37,0.1,0.49,0.0,1.0,0.0,4.0,0.0,0.0
8476412,2024,Jordan Binnington,STL,G,other,56,4316.0,11.5,13.0,138.0,5.46,8.0,13.6,7.0,76.77,61.0,1.24,0.0,43.47,35.0,25.48,39.0,9.24,57.0,31.0,14.0,2.51,3.65,5.35,4.0,7.0,2.0,36.0,0.0,0.0
8476412,2024,Jordan Binnington,STL,G,all,56,194339.0,150.25,145.0,3105.0,106.51,170.0,389.26,309.0,1593.57,1457.0,50.12,1.0,863.61,690.0,624.59,873.0,140.54,1630.0,381.0,177.0,45.29,46.99,57.97,53.0,51.0,41.0,917.0,6.0,3.0
8476412,2024,Jordan Binnington,STL,G,5on5,56,165286.0,105.17,100.0,2541.0,80.83,131.0,325.93,262.0,1275.58,1160.0,41.48,0.0,690.28,545.0,512.72,719.0,101.55,1351.0,290.0,117.0,37.27,36.1,31.8,46.0,39.0,15.0,783.0,4.0,2.0
8476412,2024,Jordan Binnington,STL,G,4on5,56,13295.0,30.47,30.0,371.0,18.2,30.0,43.61,37.0,204.61,195.0,0.84,0.0,117.27,101.0,62.38,81.0,26.67,186.0,51.0,42.0,4.5,6.11,19.85,3.0,5.0,22.0,92.0,0.0,0.0
8476412,2024,Jordan Binnington,STL,G,5on4,56,11442.0,1.97,1.0,44.0,1.38,1.0,4.67,3.0,28.27,32.0,6.41,1.0,9.39,5.0,20.69,29.0,1.95,33.0,4.0,2.0,0.94,0.55,0.47,0.0,0.0,1.0,5.0,2.0,1.0
8481020,2024,Justus Annunen,NSH,G,other,34,3650.0,7.77,7.0,106.0,4.54,6.0,11.78,13.0,56.38,47.0,1.38,1.0,32.78,29.0,17.08,21.0,6.96,39.0,29.0,8.0,1.52,3.55,2.71,1.0,5.0,1.0,30.0,0.0,0.0
8481020,2024,Justus Annunen,NSH,G,all,34,107389.0,85.9,95.0,1674.0,60.6,86.0,211.31,188.0,888.51,814.0,30.69,3.0,483.8,376.0,345.91,472.0,81.5,874.0,256.0,87.0,26.48,31.63,27.79,45.0,34.0,16.0,457.0,0.0,0.0
8481020,2024,Justus Annunen,NSH,G,5on5,34,88663.0,60.5,67.0,1375.0,46.31,71.0,176.69,147.0,713.68,652.0,24.24,2.0,387.68,305.0,286.17,391.0,57.88,740.0,185.0,56.0,21.74,22.94,15.81,40.0,20.0,7.0,394.0,0.0,0.0
8481020,2024,Justus Annunen,NSH,G,4on5,34,7329.0,16.08,19.0,162.0,8.79,8.0,19.87,27.0,99.44,94.0,0.46,0.0,56.83,41.0,29.26,39.0,15.12,78.0,33.0,23.0,2.77,4.04,9.27,4.0,7.0,8.0,28.0,0.0,0.0
8481020,2024,Justus Annunen,NSH,G,5on4,34,7747.0,1.55,2.0,31.0,0.96,1.0,2.97,1.0,19.01,21.0,4.61,0.0,6.5,1.0,13.39,21.0,1.54,17.0,9.0,0.0,0.45,1.1,0.0,0.0,2.0,0.0,5.0,0.0,0.0
8484293,2024,Yaniv Perets,CAR,G,other,1,0.0,0.0,0.0,0.0,0.0,0.0,0.0,0.0,0.0,0.0,0.0,0.0,0.0,0.0,0.0,0.0,0.0,0.0,0.0,0.0,0.0,0.0,0.0,0.0,0.0,0.0,0.0,0.0,0.0
8484293,2024,Yaniv Perets,CAR,G,all,1,492.0,0.97,1.0,10.0,0.58,1.0,1.44,1.0,6.79,7.0,0.04,0.0,3.65,4.0,2.13,2.0,0.87,4.0,3.0,2.0,0.09,0.26,0.62,0.0,1.0,0.0,1.0,0.0,0.0
8484293,2024,Yaniv Perets,CAR,G,5on5,1,381.0,0.26,0.0,7.0,0.28,0.0,1.06,1.0,4.5,4.0,0.03,0.0,2.61,4.0,1.65,1.0,0.25,4.0,2.0,0.0,0.09,0.17,0.0,0.0,0.0,0.0,1.0,0.0,0.0
8484293,2024,Yaniv Perets,CAR,G,4on5,1,111.0,0.71,1.0,3.0,0.3,1.0,0.38,0.0,2.29,3.0,0.02,0.0,1.04,0.0,0.48,1.0,0.61,0.0,1.0,2.0,0.0,0.09,0.62,0.0,1.0,0.0,0.0,0.0,0.0
8484293,2024,Yaniv Perets,CAR,G,5on4,1,0.0,0.0,0.0,0.0,0.0,0.0,0.0,0.0,0.0,0.0,0.0,0.0,0.0,0.0,0.0,0.0,0.0,0.0,0.0,0.0,0.0,0.0,0.0,0.0,0.0,0.0,0.0,0.0,0.0
8480947,2024,Kevin Lankinen,VAN,G,other,51,4440.0,8.45,11.0,130.0,5.54,6.0,15.37,6.0,72.25,59.0,1.26,1.0,42.32,39.0,23.77,36.0,7.99,66.0,22.0,10.0,2.6,2.61,3.25,6.0,2.0,3.0,32.0,0.0,0.0
8480947,2024,Kevin Lankinen,VAN,G,all,51,181187.0,132.09,132.0,2928.0,100.42,142.0,371.84,268.0,1509.66,1345.0,47.36,5.0,832.28,705.0,604.72,846.0,126.28,1583.0,376.0,134.0,42.11,47.58,42.41,62.0,41.0,29.0,835.0,0.0,0.0
8480947,2024,Kevin Lankinen,VAN,G,5on5,51,151027.0,92.51,98.0,2353.0,73.07,104.0,303.1,216.0,1182.33,1043.0,38.57,3.0,650.13,557.0,488.1,672.0,89.21,1285.0,278.0,84.0,32.71,35.9,23.9,52.0,32.0,14.0,706.0,0.0,0.0
8480947,2024,Kevin Lankinen,VAN,G,4on5,51,13698.0,27.93,18.0,375.0,19.37,30.0,46.63,41.0,214.89,199.0,1.26,1.0,123.88,103.0,65.61,99.0,25.9,189.0,65.0,37.0,5.55,7.77,14.6,3.0,3.0,12.0,84.0,0.0,0.0
8480947,2024,Kevin Lankinen,VAN,G,5on4,51,12022.0,2.31,2.0,51.0,1.82,2.0,4.86,4.0,30.49,34.0,5.77,0.0,11.32,3.0,22.53,33.0,2.31,35.0,6.0,3.0,0.89,0.76,0.66,0.0,2.0,0.0,7.0,0.0,0.0
8477424,2024,Juuse Saros,NSH,G,other,58,5400.0,7.95,11.0,124.0,4.56,3.0,12.67,7.0,64.15,60.0,2.4,2.0,36.54,29.0,22.2,36.0,7.83,50.0,27.0,9.0,1.95,3.19,2.81,1.0,3.0,7.0,38.0,0.0,0.0
8477424,2024,Juuse Saros,NSH,G,all,58,201469.0,159.58,167.0,3201.0,115.76,160.0,412.22,292.0,1698.28,1593.0,58.13,5.0,909.45,694.0,665.38,1004.0,152.21,1685.0,469.0,165.0,50.16,57.02,52.4,72.0,52.0,43.0,882.0,4.0,2.0
8477424,2024,Juuse Saros,NSH,G,5on5,58,165978.0,116.64,130.0,2636.0,89.36,132.0,348.98,244.0,1384.3,1293.0,47.1,2.0,742.32,554.0,556.1,839.0,112.55,1424.0,367.0,109.0,42.04,44.99,29.61,67.0,43.0,20.0,736.0,4.0,2.0
8477424,2024,Juuse Saros,NSH,G,4on5,58,16184.0,31.21,22.0,378.0,19.73,25.0,44.47,39.0,210.63,198.0,1.29,1.0,117.57,100.0,61.32,94.0,28.07,176.0,62.0,43.0,5.07,7.26,18.88,3.0,4.0,15.0,97.0,0.0,0.0
8477424,2024,Juuse Saros,NSH,G,5on4,58,13907.0,2.92,2.0,54.0,1.83,0.0,5.45,2.0,35.27,38.0,7.28,0.0,11.49,9.0,24.2,34.0,2.91,33.0,12.0,2.0,0.99,1.43,0.5,0.0,2.0,0.0,7.0,0.0,0.0
8482783,2024,Aleksei Kolosov,PHI,G,other,17,1609.0,3.81,6.0,51.0,2.03,3.0,5.92,3.0,29.35,24.0,0.46,0.0,14.24,9.0,13.04,19.0,3.46,24.0,13.0,3.0,0.98,1.6,1.24,3.0,1.0,2.0,11.0,0.0,0.0
8482783,2024,Aleksei Kolosov,PHI,G,all,17,54115.0,45.01,54.0,934.0,30.38,43.0,110.06,81.0,459.45,406.0,14.31,2.0,245.42,183.0,184.71,269.0,43.03,461.0,118.0,52.0,14.36,14.64,16.0,20.0,14.0,20.0,303.0,0.0,0.0
8482783,2024,Aleksei Kolosov,PHI,G,5on5,17,46977.0,32.27,38.0,785.0,23.79,35.0,92.51,71.0,373.24,325.0,12.71,1.0,201.78,144.0,151.05,225.0,31.09,390.0,88.0,36.0,11.95,10.75,9.57,17.0,9.0,12.0,271.0,0.0,0.0
8482783,2024,Aleksei Kolosov,PHI,G,4on5,17,2822.0,8.15,8.0,87.0,4.14,5.0,10.61,6.0,48.18,46.0,0.25,0.0,26.77,29.0,14.71,18.0,7.71,40.0,13.0,13.0,1.21,1.74,5.2,0.0,2.0,6.0,21.0,0.0,0.0
8482783,2024,Aleksei Kolosov,PHI,G,5on4,17,2707.0,0.78,2.0,11.0,0.42,0.0,1.03,1.0,8.68,11.0,0.89,1.0,2.63,1.0,5.91,7.0,0.77,7.0,4.0,0.0,0.23,0.55,0.0,0.0,2.0,0.0,0.0,0.0,0.0
8481544,2024,Mads Sogaard,OTT,G,other,2,145.0,0.06,0.0,1.0,0.04,0.0,0.15,0.0,0.71,1.0,0.09,0.0,0.33,0.0,0.4,1.0,0.06,1.0,0.0,0.0,0.06,0.0,0.0,0.0,0.0,0.0,0.0,0.0,0.0
8481544,2024,Mads Sogaard,OTT,G,all,2,5493.0,6.21,8.0,86.0,3.54,7.0,11.22,5.0,45.23,40.0,2.02,0.0,22.75,15.0,16.51,27.0,4.99,38.0,13.0,11.0,1.0,1.7,3.5,4.0,3.0,1.0,24.0,2.0,1.0
8481544,2024,Mads Sogaard,OTT,G,5on5,2,4415.0,3.58,6.0,69.0,2.44,5.0,9.14,2.0,34.72,31.0,1.54,0.0,18.58,13.0,13.87,23.0,3.36,34.0,10.0,5.0,0.87,1.2,1.51,4.0,2.0,0.0,20.0,2.0,1.0
8481544,2024,Mads Sogaard,OTT,G,4on5,2,401.0,2.21,2.0,14.0,0.91,2.0,1.72,3.0,8.54,7.0,0.08,0.0,3.25,1.0,1.62,2.0,1.22,2.0,3.0,5.0,0.06,0.5,1.65,0.0,1.0,1.0,4.0,0.0,0.0
8481544,2024,Mads Sogaard,OTT,G,5on4,2,532.0,0.36,0.0,2.0,0.15,0.0,0.21,0.0,1.25,1.0,0.32,0.0,0.59,1.0,0.63,1.0,0.36,1.0,0.0,1.0,0.01,0.0,0.35,0.0,0.0,0.0,0.0,0.0,0.0
8478971,2024,Connor Ingram,UTA,G,other,22,1814.0,4.73,8.0,51.0,1.76,1.0,5.25,4.0,25.46,22.0,0.63,0.0,12.85,10.0,8.52,10.0,4.22,17.0,10.0,7.0,0.76,1.17,2.8,2.0,2.0,4.0,17.0,0.0,0.0
8478971,2024,Connor Ingram,UTA,G,all,22,72607.0,54.36,66.0,1181.0,40.04,57.0,151.55,113.0,616.48,558.0,20.68,0.0,326.51,294.0,245.76,308.0,52.18,618.0,170.0,51.0,17.83,20.33,16.2,29.0,27.0,10.0,342.0,4.0,2.0
8478971,2024,Connor Ingram,UTA,G,5on5,22,60590.0,40.09,43.0,934.0,29.21,41.0,123.14,90.0,484.11,440.0,17.24,0.0,256.23,238.0,196.15,249.0,38.86,501.0,122.0,38.0,14.63,14.68,10.78,23.0,16.0,4.0,273.0,2.0,1.0
8478971,2024,Connor Ingram,UTA,G,4on5,22,5558.0,7.41,11.0,163.0,8.09,14.0,19.84,19.0,84.69,74.0,0.42,0.0,49.79,39.0,26.8,32.0,7.02,82.0,28.0,5.0,1.82,3.24,2.35,3.0,6.0,2.0,48.0,0.0,0.0
8478971,2024,Connor Ingram,UTA,G,5on4,22,4645.0,1.4,2.0,23.0,0.64,1.0,2.13,0.0,15.88,18.0,2.15,0.0,4.91,4.0,11.45,14.0,1.36,15.0,5.0,1.0,0.51,0.63,0.27,1.0,1.0,0.0,2.0,2.0,1.0
8479292,2024,Charlie Lindgren,WSH,G,other,39,4394.0,10.27,6.0,133.0,5.23,7.0,13.61,20.0,68.26,55.0,1.28,0.0,40.7,35.0,21.74,26.0,7.91,52.0,31.0,11.0,2.05,3.88,4.35,2.0,1.0,3.0,39.0,0.0,0.0
8479292,2024,Charlie Lindgren,WSH,G,all,39,137220.0,103.03,104.0,2178.0,73.88,97.0,267.54,216.0,1116.87,987.0,38.78,0.0,606.63,487.0,443.84,623.0,97.5,1126.0,298.0,109.0,31.84,37.6,33.58,32.0,41.0,31.0,645.0,0.0,0.0
8479292,2024,Charlie Lindgren,WSH,G,5on5,39,111575.0,68.99,77.0,1667.0,51.73,65.0,208.07,154.0,835.54,741.0,31.83,0.0,449.97,367.0,340.97,480.0,67.18,877.0,203.0,68.0,23.97,26.11,18.91,27.0,31.0,19.0,519.0,0.0,0.0
8479292,2024,Charlie Lindgren,WSH,G,4on5,39,11000.0,20.27,18.0,327.0,15.23,23.0,40.6,38.0,177.27,153.0,1.1,0.0,104.67,78.0,56.89,86.0,18.96,164.0,54.0,26.0,4.85,6.24,9.19,3.0,7.0,8.0,83.0,0.0,0.0
8479292,2024,Charlie Lindgren,WSH,G,5on4,39,10251.0,3.49,3.0,51.0,1.68,2.0,5.25,4.0,35.8,38.0,4.58,0.0,11.29,7.0,24.23,31.0,3.45,33.0,10.0,4.0,0.98,1.38,1.14,0.0,2.0,1.0,4.0,0.0,0.0
8480193,2024,Daniil Tarasov,CBJ,G,other,20,1340.0,5.66,6.0,46.0,2.13,5.0,5.42,7.0,29.31,27.0,0.14,0.0,16.01,13.0,8.65,8.0,4.3,17.0,12.0,10.0,0.63,1.53,3.5,2.0,2.0,2.0,7.0,0.0,0.0
8480193,2024,Daniil Tarasov,CBJ,G,all,20,66025.0,60.64,65.0,1113.0,40.9,79.0,144.49,80.0,599.97,544.0,18.77,1.0,328.35,257.0,227.25,340.0,57.12,570.0,186.0,66.0,17.21,23.58,19.85,24.0,30.0,11.0,291.0,0.0,0.0
8480193,2024,Daniil Tarasov,CBJ,G,5on5,20,55982.0,44.62,49.0,916.0,30.89,63.0,119.95,63.0,478.55,419.0,15.82,0.0,259.15,203.0,185.31,278.0,43.0,471.0,142.0,43.0,13.9,17.87,12.85,19.0,23.0,7.0,260.0,0.0,0.0
8480193,2024,Daniil Tarasov,CBJ,G,4on5,20,4322.0,8.99,8.0,129.0,7.19,11.0,16.89,9.0,77.42,80.0,0.54,0.0,48.08,38.0,24.09,41.0,8.46,70.0,26.0,12.0,2.3,3.45,3.25,2.0,4.0,2.0,21.0,0.0,0.0
8480193,2024,Daniil Tarasov,CBJ,G,5on4,20,4381.0,0.81,2.0,14.0,0.45,0.0,1.3,0.0,10.05,12.0,2.07,1.0,3.14,2.0,7.03,9.0,0.81,8.0,5.0,0.0,0.22,0.59,0.0,1.0,1.0,0.0,1.0,0.0,0.0
8477484,2024,Spencer Martin,CAR,G,other,9,802.0,2.02,1.0,15.0,0.76,2.0,1.73,3.0,9.39,7.0,0.3,0.0,4.7,5.0,2.39,1.0,1.72,2.0,5.0,5.0,0.11,0.55,1.36,0.0,0.0,1.0,3.0,0.0,0.0
8477484,2024,Spencer Martin,CAR,G,all,9,24959.0,18.46,27.0,354.0,14.31,19.0,47.35,35.0,200.91,175.0,7.37,0.0,110.26,81.0,78.63,114.0,17.72,196.0,57.0,23.0,5.5,6.73,6.24,11.0,7.0,9.0,78.0,0.0,0.0
8477484,2024,Spencer Martin,CAR,G,5on5,9,19543.0,13.86,19.0,273.0,10.12,12.0,38.16,26.0,155.63,134.0,5.5,0.0,85.22,60.0,61.37,97.0,13.47,154.0,45.0,15.0,4.49,5.37,4.0,8.0,5.0,6.0,59.0,0.0,0.0
8477484,2024,Spencer Martin,CAR,G,4on5,9,2103.0,1.71,5.0,49.0,3.08,4.0,6.22,5.0,27.88,26.0,0.09,0.0,17.6,13.0,9.34,12.0,1.69,31.0,7.0,1.0,0.61,0.81,0.29,2.0,2.0,1.0,10.0,0.0,0.0
8477484,2024,Spencer Martin,CAR,G,5on4,9,2511.0,0.81,2.0,14.0,0.3,1.0,1.12,1.0,7.26,7.0,1.44,0.0,2.37,2.0,5.14,4.0,0.79,8.0,0.0,2.0,0.22,0.0,0.58,1.0,0.0,1.0,4.0,0.0,0.0
8479496,2024,David Rittich,LAK,G,other,34,3109.0,4.64,8.0,85.0,3.46,6.0,8.9,4.0,42.12,38.0,0.84,0.0,25.9,22.0,12.51,17.0,4.45,39.0,12.0,6.0,1.46,1.28,1.9,3.0,4.0,1.0,28.0,0.0,0.0
8479496,2024,David Rittich,LAK,G,all,34,111628.0,76.62,88.0,1670.0,57.3,82.0,207.86,129.0,850.07,772.0,34.37,2.0,460.61,357.0,334.76,505.0,73.76,867.0,228.0,71.0,24.58,28.4,23.64,38.0,33.0,17.0,504.0,2.0,1.0
8479496,2024,David Rittich,LAK,G,5on5,34,94450.0,57.69,60.0,1401.0,45.0,68.0,176.76,114.0,700.39,635.0,28.87,1.0,376.62,284.0,283.21,432.0,55.62,724.0,192.0,47.0,19.92,23.8,13.97,29.0,24.0,7.0,438.0,2.0,1.0
8479496,2024,David Rittich,LAK,G,4on5,34,7056.0,13.1,17.0,155.0,8.07,8.0,19.78,10.0,91.06,81.0,0.69,1.0,52.38,47.0,26.66,41.0,12.53,84.0,21.0,18.0,2.48,2.87,7.76,3.0,5.0,9.0,32.0,0.0,0.0
8479496,2024,David Rittich,LAK,G,5on4,34,7013.0,1.11,2.0,28.0,0.75,0.0,2.26,1.0,15.77,17.0,3.93,0.0,5.35,4.0,12.0,15.0,1.1,19.0,3.0,0.0,0.65,0.46,0.0,2.0,0.0,0.0,6.0,0.0,0.0
8478039,2024,Kaapo Kahkonen,COL,G,other,1,129.0,0.0,0.0,1.0,0.0,0.0,0.0,0.0,0.0,0.0,0.03,0.0,0.0,0.0,0.0,0.0,0.0,0.0,0.0,0.0,0.0,0.0,0.0,0.0,0.0,0.0,1.0,0.0,0.0
8478039,2024,Kaapo Kahkonen,COL,G,all,1,3496.0,1.85,4.0,45.0,1.51,5.0,6.2,2.0,24.1,20.0,1.21,0.0,12.76,6.0,9.81,16.0,1.79,26.0,5.0,2.0,0.73,0.59,0.53,2.0,1.0,1.0,12.0,0.0,0.0
8478039,2024,Kaapo Kahkonen,COL,G,5on5,1,2559.0,1.61,4.0,34.0,1.15,4.0,4.98,2.0,19.52,17.0,0.89,0.0,10.47,5.0,8.1,12.0,1.55,22.0,3.0,2.0,0.69,0.38,0.53,2.0,1.0,1.0,7.0,0.0,0.0
8478039,2024,Kaapo Kahkonen,COL,G,4on5,1,411.0,0.04,0.0,8.0,0.21,0.0,0.91,0.0,2.91,2.0,0.01,0.0,1.79,1.0,0.95,3.0,0.04,4.0,0.0,0.0,0.04,0.0,0.0,0.0,0.0,0.0,4.0,0.0,0.0
8478039,2024,Kaapo Kahkonen,COL,G,5on4,1,397.0,0.21,0.0,2.0,0.14,1.0,0.31,0.0,1.67,1.0,0.28,0.0,0.5,0.0,0.76,1.0,0.2,0.0,2.0,0.0,0.0,0.21,0.0,0.0,0.0,0.0,0.0,0.0,0.0
8477480,2024,Eric Comrie,WPG,G,other,20,1628.0,1.86,1.0,44.0,1.32,1.0,4.16,4.0,20.05,15.0,0.66,0.0,11.3,16.0,8.7,6.0,1.83,21.0,6.0,1.0,0.9,0.69,0.27,0.0,1.0,0.0,16.0,0.0,0.0
8477480,2024,Eric Comrie,WPG,G,all,20,70773.0,49.47,47.0,1156.0,39.48,48.0,150.05,137.0,600.44,547.0,20.1,4.0,332.61,293.0,240.94,307.0,47.88,648.0,137.0,48.0,18.2,17.07,14.2,21.0,16.0,10.0,323.0,0.0,0.0
8477480,2024,Eric Comrie,WPG,G,5on5,20,59810.0,37.3,34.0,963.0,31.54,40.0,128.42,120.0,496.69,455.0,16.9,4.0,274.26,239.0,201.46,256.0,36.03,546.0,109.0,35.0,14.81,13.56,8.93,19.0,11.0,4.0,273.0,0.0,0.0
8477480,2024,Eric Comrie,WPG,G,4on5,20,4638.0,8.96,10.0,128.0,5.88,6.0,15.44,11.0,69.67,59.0,0.24,0.0,42.59,36.0,21.8,34.0,8.75,68.0,19.0,10.0,2.05,2.46,4.46,1.0,3.0,6.0,31.0,0.0,0.0
8477480,2024,Eric Comrie,WPG,G,5on4,20,4697.0,0.97,1.0,16.0,0.58,0.0,1.62,1.0,11.67,15.0,2.24,0.0,3.51,2.0,7.96,11.0,0.9,11.0,3.0,1.0,0.33,0.36,0.29,0.0,1.0,0.0,1.0,0.0,0.0
8478024,2024,Ville Husso,ANA,G,other,13,825.0,0.56,3.0,19.0,0.53,0.0,1.91,1.0,8.3,8.0,0.3,0.0,4.3,3.0,3.46,4.0,0.44,10.0,1.0,0.0,0.4,0.17,0.0,3.0,0.0,0.0,8.0,0.0,0.0
8478024,2024,Ville Husso,ANA,G,all,13,38386.0,32.08,37.0,671.0,23.84,32.0,90.28,65.0,361.9,336.0,10.96,2.0,198.39,160.0,143.39,205.0,31.0,380.0,82.0,38.0,10.85,10.26,10.98,20.0,7.0,10.0,171.0,0.0,0.0
8478024,2024,Ville Husso,ANA,G,5on5,13,31981.0,25.19,24.0,573.0,19.78,27.0,80.05,60.0,312.1,287.0,9.24,2.0,171.33,138.0,125.19,182.0,24.44,332.0,72.0,28.0,9.17,8.86,7.16,13.0,7.0,4.0,141.0,0.0,0.0
8478024,2024,Ville Husso,ANA,G,4on5,13,2996.0,5.34,8.0,69.0,3.12,5.0,7.39,4.0,34.36,32.0,0.14,0.0,20.39,18.0,10.63,13.0,5.13,33.0,7.0,8.0,1.05,0.98,3.31,2.0,0.0,6.0,21.0,0.0,0.0
8478024,2024,Ville Husso,ANA,G,5on4,13,2584.0,0.64,1.0,7.0,0.3,0.0,0.52,0.0,4.65,6.0,1.25,0.0,1.51,1.0,2.91,4.0,0.64,4.0,1.0,1.0,0.18,0.15,0.3,1.0,0.0,0.0,1.0,0.0,0.0
8475831,2024,Philipp Grubauer,SEA,G,other,26,2134.0,2.87,0.0,45.0,1.5,3.0,5.22,5.0,23.95,18.0,0.7,0.0,13.33,10.0,9.25,15.0,2.66,22.0,6.0,5.0,0.69,0.74,1.44,0.0,0.0,0.0,12.0,0.0,0.0
8475831,2024,Philipp Grubauer,SEA,G,all,26,87629.0,68.7,85.0,1507.0,52.5,65.0,190.2,148.0,778.32,681.0,24.45,2.0,433.74,374.0,308.29,407.0,65.94,817.0,186.0,77.0,22.87,23.48,22.35,34.0,38.0,13.0,427.0,0.0,0.0
8475831,2024,Philipp Grubauer,SEA,G,5on5,26,74276.0,53.56,74.0,1270.0,41.93,54.0,164.37,121.0,652.1,572.0,20.86,2.0,360.41,306.0,263.44,350.0,51.93,699.0,154.0,53.0,19.74,19.4,14.42,33.0,35.0,6.0,364.0,0.0,0.0
8475831,2024,Philipp Grubauer,SEA,G,4on5,26,4946.0,11.01,11.0,172.0,8.47,8.0,18.87,22.0,89.59,80.0,0.5,0.0,56.33,53.0,27.27,31.0,10.08,86.0,22.0,17.0,2.2,2.72,6.08,1.0,3.0,7.0,47.0,0.0,0.0
8475831,2024,Philipp Grubauer,SEA,G,5on4,26,6273.0,1.27,0.0,20.0,0.6,0.0,1.75,0.0,12.68,11.0,2.38,0.0,3.68,5.0,8.33,11.0,1.27,10.0,4.0,2.0,0.23,0.62,0.41,0.0,0.0,0.0,4.0,0.0,0.0
8484910,2024,Victor Ostman,SEA,G,other,1,0.0,0.0,0.0,0.0,0.0,0.0,0.0,0.0,0.0,0.0,0.0,0.0,0.0,0.0,0.0,0.0,0.0,0.0,0.0,0.0,0.0,0.0,0.0,0.0,0.0,0.0,0.0,0.0,0.0
8484910,2024,Victor Ostman,SEA,G,all,1,1200.0,1.44,0.0,17.0,0.77,2.0,2.42,6.0,10.92,12.0,0.27,0.0,5.91,5.0,4.08,2.0,1.22,7.0,7.0,1.0,0.24,0.94,0.25,0.0,0.0,0.0,2.0,0.0,0.0
8484910,2024,Victor Ostman,SEA,G,5on5,1,1177.0,1.44,0.0,17.0,0.77,2.0,2.42,6.0,10.92,12.0,0.26,0.0,5.91,5.0,4.08,2.0,1.22,7.0,7.0,1.0,0.24,0.94,0.25,0.0,0.0,0.0,2.0,0.0,0.0
8484910,2024,Victor Ostman,SEA,G,4on5,1,0.0,0.0,0.0,0.0,0.0,0.0,0.0,0.0,0.0,0.0,0.0,0.0,0.0,0.0,0.0,0.0,0.0,0.0,0.0,0.0,0.0,0.0,0.0,0.0,0.0,0.0,0.0,0.0,0.0
8484910,2024,Victor Ostman,SEA,G,5on4,1,23.0,0.0,0.0,0.0,0.0,0.0,0.0,0.0,0.0,0.0,0.01,0.0,0.0,0.0,0.0,0.0,0.0,0.0,0.0,0.0,0.0,0.0,0.0,0.0,0.0,0.0,0.0,0.0,0.0
8480313,2024,Logan Thompson,WSH,G,other,43,4639.0,11.56,10.0,154.0,6.09,7.0,15.95,14.0,81.56,73.0,1.62,1.0,49.52,45.0,24.03,33.0,10.71,68.0,29.0,13.0,2.82,3.74,5.01,2.0,3.0,5.0,44.0,0.0,0.0
8480313,2024,Logan Thompson,WSH,G,all,43,152109.0,130.96,105.0,2579.0,88.05,150.0,323.7,247.0,1332.96,1172.0,44.75,3.0,712.05,582.0,513.94,728.0,122.97,1317.0,342.0,155.0,37.91,42.76,50.3,40.0,33.0,32.0,765.0,0.0,0.0
8480313,2024,Logan Thompson,WSH,G,5on5,43,126854.0,96.07,73.0,2075.0,67.5,122.0,268.49,199.0,1060.97,922.0,35.95,0.0,557.83,453.0,418.86,598.0,90.8,1062.0,271.0,112.0,30.35,34.04,31.67,36.0,25.0,12.0,630.0,0.0,0.0
8480313,2024,Logan Thompson,WSH,G,4on5,43,10787.0,19.83,19.0,300.0,12.97,19.0,34.2,32.0,157.48,143.0,0.99,1.0,94.03,75.0,49.75,70.0,17.99,158.0,32.0,26.0,3.9,3.67,12.27,2.0,4.0,13.0,84.0,0.0,0.0
8480313,2024,Logan Thompson,WSH,G,5on4,43,9829.0,2.4,2.0,41.0,1.09,2.0,3.94,1.0,26.57,30.0,5.92,1.0,8.11,7.0,18.64,23.0,2.38,25.0,8.0,2.0,0.62,1.09,0.68,0.0,1.0,1.0,6.0,0.0,0.0
8482137,2024,Yaroslav Askarov,SJS,G,other,13,725.0,2.01,3.0,25.0,1.08,0.0,2.49,1.0,12.24,10.0,0.31,0.0,5.77,6.0,4.04,6.0,1.91,10.0,4.0,2.0,0.44,0.45,1.12,1.0,2.0,0.0,9.0,0.0,0.0
8482137,2024,Yaroslav Askarov,SJS,G,all,13,43008.0,38.69,37.0,755.0,27.48,44.0,94.2,56.0,396.58,357.0,11.46,0.0,214.78,190.0,157.04,218.0,36.93,405.0,101.0,40.0,11.37,12.67,14.65,15.0,11.0,11.0,209.0,0.0,0.0
8482137,2024,Yaroslav Askarov,SJS,G,5on5,13,36519.0,28.98,27.0,622.0,21.19,34.0,79.27,49.0,323.23,296.0,9.39,0.0,175.26,154.0,130.33,181.0,27.67,335.0,81.0,30.0,9.63,10.27,9.09,14.0,8.0,5.0,176.0,0.0,0.0
8482137,2024,Yaroslav Askarov,SJS,G,4on5,13,2774.0,7.18,7.0,95.0,4.85,10.0,11.38,6.0,53.27,41.0,0.32,0.0,31.14,29.0,16.45,21.0,6.84,51.0,14.0,8.0,1.08,1.64,4.45,0.0,1.0,6.0,22.0,0.0,0.0
8482137,2024,Yaroslav Askarov,SJS,G,5on4,13,2990.0,0.52,0.0,13.0,0.37,0.0,1.06,0.0,7.84,10.0,1.44,0.0,2.6,1.0,6.22,10.0,0.52,9.0,2.0,0.0,0.23,0.3,0.0,0.0,0.0,0.0,2.0,0.0,0.0
8479406,2024,Filip Gustavsson,MIN,G,other,58,4892.0,18.39,12.0,181.0,7.49,11.0,18.68,15.0,101.55,101.0,1.31,0.0,56.31,46.0,29.88,50.0,15.36,65.0,40.0,29.0,2.77,5.43,10.19,4.0,5.0,3.0,47.0,0.0,0.0
8479406,2024,Filip Gustavsson,MIN,G,all,58,205415.0,161.32,146.0,3607.0,123.58,166.0,459.1,389.0,1863.04,1693.0,55.75,8.0,1040.38,766.0,732.39,1108.0,152.87,1984.0,421.0,176.0,54.94,51.41,54.97,55.0,49.0,42.0,1026.0,0.0,0.0
8479406,2024,Filip Gustavsson,MIN,G,5on5,58,173165.0,111.94,95.0,2917.0,92.79,129.0,377.89,320.0,1471.74,1302.0,46.16,6.0,815.27,591.0,594.32,903.0,107.93,1618.0,312.0,113.0,43.31,37.75,30.89,41.0,32.0,22.0,874.0,0.0,0.0
8479406,2024,Filip Gustavsson,MIN,G,4on5,58,13571.0,27.72,34.0,443.0,21.17,25.0,55.38,51.0,245.42,241.0,0.93,0.0,153.55,121.0,77.39,112.0,26.43,252.0,61.0,31.0,7.35,7.19,13.18,7.0,10.0,17.0,99.0,0.0,0.0
8479406,2024,Filip Gustavsson,MIN,G,5on4,58,13787.0,2.7,3.0,57.0,1.79,0.0,5.72,3.0,38.05,43.0,7.14,2.0,12.53,7.0,28.06,39.0,2.59,43.0,7.0,2.0,1.29,0.93,0.49,1.0,2.0,0.0,5.0,0.0,0.0
8477990,2024,Brandon Halverson,TBL,G,other,1,0.0,0.0,0.0,0.0,0.0,0.0,0.0,0.0,0.0,0.0,0.0,0.0,0.0,0.0,0.0,0.0,0.0,0.0,0.0,0.0,0.0,0.0,0.0,0.0,0.0,0.0,0.0,0.0,0.0
8477990,2024,Brandon Halverson,TBL,G,all,1,3477.0,2.93,5.0,49.0,1.62,4.0,5.65,6.0,24.23,24.0,1.04,0.0,12.61,10.0,9.35,8.0,2.76,22.0,8.0,3.0,0.95,1.09,0.88,1.0,2.0,2.0,16.0,0.0,0.0
8477990,2024,Brandon Halverson,TBL,G,5on5,1,3154.0,2.72,5.0,44.0,1.49,4.0,5.08,5.0,21.2,20.0,0.92,0.0,11.1,9.0,7.86,6.0,2.55,19.0,7.0,3.0,0.84,0.99,0.88,1.0,2.0,2.0,15.0,0.0,0.0
8477990,2024,Brandon Halverson,TBL,G,4on5,1,120.0,0.15,0.0,3.0,0.09,0.0,0.26,1.0,1.42,2.0,0.0,0.0,0.96,1.0,0.49,0.0,0.15,1.0,1.0,0.0,0.06,0.1,0.0,0.0,0.0,0.0,1.0,0.0,0.0
8477990,2024,Brandon Halverson,TBL,G,5on4,1,203.0,0.06,0.0,2.0,0.04,0.0,0.31,0.0,1.61,2.0,0.12,0.0,0.55,0.0,0.99,2.0,0.06,2.0,0.0,0.0,0.06,0.0,0.0,0.0,0.0,0.0,0.0,0.0,0.0
8477831,2024,Pheonix Copley,LAK,G,other,1,0.0,0.0,0.0,0.0,0.0,0.0,0.0,0.0,0.0,0.0,0.0,0.0,0.0,0.0,0.0,0.0,0.0,0.0,0.0,0.0,0.0,0.0,0.0,0.0,0.0,0.0,0.0,0.0,0.0
8477831,2024,Pheonix Copley,LAK,G,all,1,1649.0,1.01,2.0,16.0,0.71,1.0,1.89,1.0,9.47,12.0,0.48,0.0,4.45,5.0,3.67,3.0,0.94,7.0,3.0,2.0,0.16,0.34,0.51,1.0,1.0,0.0,4.0,0.0,0.0
8477831,2024,Pheonix Copley,LAK,G,5on5,1,1142.0,0.24,0.0,9.0,0.26,0.0,0.98,1.0,4.53,6.0,0.35,0.0,2.51,4.0,1.87,1.0,0.24,5.0,1.0,0.0,0.13,0.12,0.0,0.0,0.0,0.0,3.0,0.0,0.0
8477831,2024,Pheonix Copley,LAK,G,4on5,1,147.0,0.64,2.0,5.0,0.38,1.0,0.73,0.0,3.43,4.0,0.0,0.0,1.46,1.0,0.69,0.0,0.57,1.0,1.0,2.0,0.03,0.1,0.51,1.0,1.0,0.0,1.0,0.0,0.0
8477831,2024,Pheonix Copley,LAK,G,5on4,1,360.0,0.13,0.0,2.0,0.06,0.0,0.18,0.0,1.5,2.0,0.13,0.0,0.48,0.0,1.11,2.0,0.13,1.0,1.0,0.0,0.01,0.12,0.0,0.0,0.0,0.0,0.0,0.0,0.0
8476914,2024,Joonas Korpisalo,BOS,G,other,27,1957.0,6.12,3.0,69.0,3.25,5.0,7.88,7.0,39.75,36.0,1.06,0.0,23.04,22.0,13.16,18.0,5.35,34.0,10.0,11.0,1.16,1.25,3.7,1.0,1.0,1.0,14.0,0.0,0.0
8476914,2024,Joonas Korpisalo,BOS,G,all,27,91782.0,72.35,74.0,1506.0,53.09,88.0,194.84,152.0,784.67,693.0,24.89,2.0,423.34,328.0,305.5,431.0,69.38,806.0,189.0,81.0,22.27,24.39,25.68,31.0,26.0,17.0,430.0,0.0,0.0
8476914,2024,Joonas Korpisalo,BOS,G,5on5,27,76424.0,50.38,50.0,1222.0,39.37,67.0,162.7,124.0,622.76,544.0,18.98,2.0,337.49,267.0,246.8,347.0,48.55,664.0,144.0,50.0,18.09,18.67,13.62,24.0,18.0,8.0,364.0,0.0,0.0
8476914,2024,Joonas Korpisalo,BOS,G,4on5,27,7297.0,14.34,14.0,183.0,9.48,16.0,20.54,19.0,98.87,86.0,0.74,0.0,55.19,37.0,29.16,46.0,13.97,83.0,30.0,19.0,2.27,3.94,8.13,2.0,4.0,8.0,51.0,0.0,0.0
8476914,2024,Joonas Korpisalo,BOS,G,5on4,27,6104.0,1.41,6.0,31.0,0.95,0.0,3.59,2.0,22.5,26.0,4.0,0.0,7.32,2.0,15.98,20.0,1.4,25.0,4.0,1.0,0.74,0.43,0.24,4.0,2.0,0.0,1.0,0.0,0.0
8481529,2024,Trent Miner,COL,G,other,2,15.0,0.03,0.0,1.0,0.07,0.0,0.12,0.0,0.61,0.0,0.0,0.0,0.57,0.0,0.2,1.0,0.03,1.0,0.0,0.0,0.03,0.0,0.0,0.0,0.0,0.0,0.0,0.0,0.0
8481529,2024,Trent Miner,COL,G,all,2,5498.0,2.35,4.0,74.0,2.29,3.0,9.06,8.0,33.96,33.0,1.58,0.0,19.64,11.0,14.41,23.0,2.33,42.0,5.0,2.0,1.25,0.49,0.61,2.0,1.0,1.0,25.0,0.0,0.0
8481529,2024,Trent Miner,COL,G,5on5,2,5123.0,2.24,4.0,71.0,2.14,3.0,8.66,8.0,32.0,33.0,1.47,0.0,18.37,11.0,13.41,20.0,2.21,39.0,5.0,2.0,1.14,0.49,0.61,2.0,1.0,1.0,25.0,0.0,0.0
8481529,2024,Trent Miner,COL,G,4on5,2,120.0,0.03,0.0,1.0,0.05,0.0,0.2,0.0,0.67,0.0,0.0,0.0,0.47,0.0,0.23,1.0,0.03,1.0,0.0,0.0,0.03,0.0,0.0,0.0,0.0,0.0,0.0,0.0,0.0
8481529,2024,Trent Miner,COL,G,5on4,2,240.0,0.06,0.0,1.0,0.04,0.0,0.09,0.0,0.68,0.0,0.1,0.0,0.23,0.0,0.57,1.0,0.06,1.0,0.0,0.0,0.06,0.0,0.0,0.0,0.0,0.0,0.0,0.0,0.0
8475883,2024,Frederik Andersen,CAR,G,other,22,1843.0,4.08,3.0,50.0,2.3,1.0,5.06,0.0,26.42,25.0,0.57,1.0,16.48,16.0,7.08,16.0,3.84,21.0,8.0,7.0,0.95,1.21,1.92,1.0,0.0,2.0,14.0,0.0,0.0
8475883,2024,Frederik Andersen,CAR,G,all,22,79171.0,63.95,55.0,1075.0,42.11,74.0,138.86,82.0,601.19,546.0,27.79,5.0,315.88,261.0,229.25,337.0,60.0,553.0,178.0,79.0,16.95,22.59,24.41,23.0,17.0,15.0,265.0,0.0,0.0
8475883,2024,Frederik Andersen,CAR,G,5on5,22,64147.0,44.63,41.0,838.0,31.01,56.0,110.88,64.0,463.3,420.0,22.38,4.0,240.44,191.0,180.8,270.0,42.25,440.0,130.0,53.0,12.95,16.62,15.06,19.0,14.0,8.0,215.0,0.0,0.0
8475883,2024,Frederik Andersen,CAR,G,4on5,22,6875.0,13.05,9.0,156.0,7.93,15.0,19.68,16.0,90.73,78.0,0.67,0.0,52.39,49.0,27.84,35.0,11.73,73.0,34.0,17.0,2.46,4.05,6.54,3.0,2.0,4.0,32.0,0.0,0.0
8475883,2024,Frederik Andersen,CAR,G,5on4,22,6306.0,2.04,2.0,28.0,0.76,2.0,2.96,2.0,19.2,21.0,4.1,0.0,5.87,3.0,12.82,16.0,2.03,18.0,5.0,2.0,0.55,0.62,0.88,0.0,1.0,1.0,3.0,0.0,0.0
8476899,2024,Matt Murray,TOR,G,other,2,367.0,0.16,1.0,6.0,0.17,0.0,0.53,0.0,2.87,3.0,0.09,0.0,1.7,1.0,1.36,2.0,0.16,4.0,0.0,0.0,0.16,0.0,0.0,1.0,0.0,0.0,2.0,0.0,0.0
8476899,2024,Matt Murray,TOR,G,all,2,7119.0,4.42,7.0,122.0,3.84,3.0,15.95,15.0,61.54,58.0,2.17,0.0,35.97,25.0,25.72,38.0,4.36,75.0,11.0,2.0,2.16,1.29,0.97,5.0,1.0,1.0,34.0,0.0,0.0
8476899,2024,Matt Murray,TOR,G,5on5,2,5862.0,3.42,5.0,101.0,3.15,3.0,14.06,11.0,51.68,46.0,1.86,0.0,29.7,22.0,21.87,33.0,3.38,62.0,11.0,1.0,1.82,1.29,0.32,4.0,1.0,0.0,27.0,0.0,0.0
8476899,2024,Matt Murray,TOR,G,4on5,2,319.0,0.83,1.0,13.0,0.51,0.0,1.23,4.0,6.23,8.0,0.02,0.0,4.31,2.0,1.92,2.0,0.81,8.0,0.0,1.0,0.17,0.0,0.66,0.0,0.0,1.0,4.0,0.0,0.0
8476899,2024,Matt Murray,TOR,G,5on4,2,571.0,0.01,0.0,2.0,0.02,0.0,0.13,0.0,0.75,1.0,0.21,0.0,0.25,0.0,0.58,1.0,0.01,1.0,0.0,0.0,0.01,0.0,0.0,0.0,0.0,0.0,1.0,0.0,0.0
8482657,2024,Sebastian Cossa,DET,G,other,1,120.0,0.08,0.0,1.0,0.06,0.0,0.13,0.0,0.87,0.0,0.15,0.0,0.36,0.0,0.35,1.0,0.08,1.0,0.0,0.0,0.08,0.0,0.0,0.0,0.0,0.0,0.0,0.0,0.0
8482657,2024,Sebastian Cossa,DET,G,all,1,2700.0,1.67,2.0,34.0,1.12,1.0,3.75,2.0,16.7,14.0,0.77,0.0,9.02,4.0,6.88,14.0,1.63,17.0,5.0,1.0,0.78,0.59,0.31,1.0,0.0,1.0,11.0,0.0,0.0
8482657,2024,Sebastian Cossa,DET,G,5on5,1,2167.0,1.3,2.0,27.0,0.87,1.0,3.03,2.0,12.93,12.0,0.51,0.0,7.15,4.0,5.2,9.0,1.27,14.0,3.0,1.0,0.6,0.39,0.31,1.0,0.0,1.0,9.0,0.0,0.0
8482657,2024,Sebastian Cossa,DET,G,4on5,1,240.0,0.28,0.0,5.0,0.15,0.0,0.39,0.0,2.11,1.0,0.02,0.0,1.25,0.0,0.86,3.0,0.28,1.0,2.0,0.0,0.08,0.2,0.0,0.0,0.0,0.0,2.0,0.0,0.0
8482657,2024,Sebastian Cossa,DET,G,5on4,1,173.0,0.02,0.0,1.0,0.03,0.0,0.19,0.0,0.79,1.0,0.09,0.0,0.26,0.0,0.48,1.0,0.01,1.0,0.0,0.0,0.02,0.0,0.0,0.0,0.0,0.0,0.0,0.0,0.0
8477405,2024,Marcus Hogberg,NYI,G,other,15,582.0,1.46,4.0,30.0,0.94,0.0,2.56,2.0,14.47,12.0,0.29,0.0,9.17,8.0,5.39,6.0,1.39,10.0,10.0,0.0,0.37,1.09,0.0,1.0,3.0,0.0,10.0,0.0,0.0
8477405,2024,Marcus Hogberg,NYI,G,all,15,43693.0,35.23,41.0,725.0,25.94,42.0,93.04,61.0,381.24,335.0,13.62,0.0,204.83,177.0,147.18,196.0,33.27,373.0,106.0,40.0,10.6,13.08,11.55,23.0,15.0,3.0,206.0,0.0,0.0
8477405,2024,Marcus Hogberg,NYI,G,5on5,15,37953.0,27.86,30.0,613.0,20.79,34.0,80.44,51.0,319.63,278.0,11.69,0.0,170.67,148.0,125.44,171.0,26.78,321.0,83.0,32.0,8.81,10.31,8.74,17.0,11.0,2.0,177.0,0.0,0.0
8477405,2024,Marcus Hogberg,NYI,G,4on5,15,2078.0,5.72,6.0,72.0,3.94,8.0,8.93,8.0,41.42,37.0,0.21,0.0,22.85,19.0,12.25,14.0,4.91,34.0,13.0,8.0,1.23,1.68,2.81,4.0,1.0,1.0,17.0,0.0,0.0
8477405,2024,Marcus Hogberg,NYI,G,5on4,15,3080.0,0.19,1.0,10.0,0.26,0.0,1.11,0.0,5.72,8.0,1.43,0.0,2.14,2.0,4.1,5.0,0.19,8.0,0.0,0.0,0.19,0.0,0.0,1.0,0.0,0.0,2.0,0.0,0.0
8482123,2024,Drew Commesso,CHI,G,other,2,0.0,0.0,0.0,0.0,0.0,0.0,0.0,0.0,0.0,0.0,0.0,0.0,0.0,0.0,0.0,0.0,0.0,0.0,0.0,0.0,0.0,0.0,0.0,0.0,0.0,0.0,0.0,0.0,0.0
8482123,2024,Drew Commesso,CHI,G,all,2,4281.0,3.84,4.0,73.0,2.66,5.0,7.99,4.0,35.68,26.0,1.04,0.0,18.59,19.0,12.73,15.0,3.55,35.0,6.0,6.0,1.28,0.89,1.67,1.0,2.0,1.0,26.0,0.0,0.0
8482123,2024,Drew Commesso,CHI,G,5on5,2,3441.0,2.79,4.0,57.0,2.0,3.0,6.56,4.0,29.28,19.0,0.94,0.0,15.55,14.0,11.2,14.0,2.7,29.0,6.0,4.0,0.93,0.89,0.96,1.0,2.0,1.0,18.0,0.0,0.0
8482123,2024,Drew Commesso,CHI,G,4on5,2,480.0,1.06,0.0,16.0,0.66,2.0,1.42,0.0,6.39,7.0,0.03,0.0,3.04,5.0,1.53,1.0,0.86,6.0,0.0,2.0,0.35,0.0,0.71,0.0,0.0,0.0,8.0,0.0,0.0
8482123,2024,Drew Commesso,CHI,G,5on4,2,360.0,0.0,0.0,0.0,0.0,0.0,0.0,0.0,0.0,0.0,0.07,0.0,0.0,0.0,0.0,0.0,0.0,0.0,0.0,0.0,0.0,0.0,0.0,0.0,0.0,0.0,0.0,0.0,0.0
8482668,2024,Tristan Lennox,NYI,G,other,1,0.0,0.0,0.0,0.0,0.0,0.0,0.0,0.0,0.0,0.0,0.0,0.0,0.0,0.0,0.0,0.0,0.0,0.0,0.0,0.0,0.0,0.0,0.0,0.0,0.0,0.0,0.0,0.0,0.0
8482668,2024,Tristan Lennox,NYI,G,all,1,283.0,0.06,1.0,3.0,0.06,0.0,0.24,0.0,1.5,2.0,0.2,0.0,0.67,0.0,0.93,1.0,0.06,2.0,0.0,0.0,0.06,0.0,0.0,1.0,0.0,0.0,1.0,0.0,0.0
8482668,2024,Tristan Lennox,NYI,G,5on5,1,283.0,0.06,1.0,3.0,0.06,0.0,0.24,0.0,1.5,2.0,0.2,0.0,0.67,0.0,0.93,1.0,0.06,2.0,0.0,0.0,0.06,0.0,0.0,1.0,0.0,0.0,1.0,0.0,0.0
8482668,2024,Tristan Lennox,NYI,G,4on5,1,0.0,0.0,0.0,0.0,0.0,0.0,0.0,0.0,0.0,0.0,0.0,0.0,0.0,0.0,0.0,0.0,0.0,0.0,0.0,0.0,0.0,0.0,0.0,0.0,0.0,0.0,0.0,0.0,0.0
8482668,2024,Tristan Lennox,NYI,G,5on4,1,0.0,0.0,0.0,0.0,0.0,0.0,0.0,0.0,0.0,0.0,0.0,0.0,0.0,0.0,0.0,0.0,0.0,0.0,0.0,0.0,0.0,0.0,0.0,0.0,0.0,0.0,0.0,0.0,0.0
8480051,2024,Cayden Primeau,MTL,G,other,11,1194.0,2.56,3.0,36.0,1.21,0.0,2.61,4.0,15.42,16.0,0.48,0.0,9.3,8.0,4.84,5.0,2.5,10.0,9.0,2.0,0.44,1.22,0.91,0.0,2.0,1.0,15.0,0.0,0.0
8480051,2024,Cayden Primeau,MTL,G,all,11,31422.0,31.53,41.0,557.0,20.4,34.0,68.04,58.0,289.39,250.0,7.83,0.0,155.31,119.0,107.12,139.0,29.98,267.0,88.0,37.0,9.05,10.95,11.52,22.0,14.0,5.0,165.0,2.0,1.0
8480051,2024,Cayden Primeau,MTL,G,5on5,11,24401.0,20.95,33.0,419.0,14.69,27.0,53.45,41.0,218.9,187.0,6.15,0.0,116.73,84.0,83.89,112.0,20.23,216.0,57.0,24.0,7.04,7.25,6.66,18.0,11.0,4.0,122.0,2.0,1.0
8480051,2024,Cayden Primeau,MTL,G,4on5,11,3160.0,6.9,4.0,92.0,4.0,6.0,10.94,13.0,47.72,39.0,0.26,0.0,26.81,23.0,13.77,18.0,6.14,35.0,20.0,9.0,1.37,2.3,3.23,3.0,1.0,0.0,28.0,0.0,0.0
8480051,2024,Cayden Primeau,MTL,G,5on4,11,2667.0,1.12,1.0,10.0,0.49,1.0,1.04,0.0,7.35,8.0,0.94,0.0,2.46,4.0,4.62,4.0,1.11,6.0,2.0,2.0,0.2,0.18,0.73,1.0,0.0,0.0,0.0,0.0,0.0
8481035,2024,Samuel Ersson,PHI,G,other,47,3905.0,11.25,9.0,125.0,4.33,12.0,12.01,7.0,61.38,53.0,0.92,0.0,31.79,29.0,18.52,23.0,9.64,37.0,27.0,16.0,1.56,3.43,6.27,3.0,4.0,2.0,45.0,0.0,0.0
8481035,2024,Samuel Ersson,PHI,G,all,47,156107.0,116.12,136.0,2606.0,83.6,123.0,309.97,193.0,1286.7,1162.0,42.61,2.0,690.31,583.0,516.34,719.0,110.84,1331.0,314.0,114.0,38.21,39.12,38.78,61.0,50.0,25.0,847.0,2.0,1.0
8481035,2024,Samuel Ersson,PHI,G,5on5,47,129428.0,78.48,98.0,2082.0,62.95,84.0,255.11,163.0,1009.39,908.0,34.84,2.0,544.66,449.0,410.33,586.0,75.86,1085.0,236.0,64.0,30.87,29.68,17.92,52.0,38.0,8.0,697.0,2.0,1.0
8481035,2024,Samuel Ersson,PHI,G,4on5,47,10957.0,21.08,20.0,304.0,13.01,24.0,32.83,15.0,154.91,133.0,0.98,0.0,90.05,86.0,47.16,64.0,20.13,147.0,30.0,32.0,3.76,3.54,13.77,3.0,2.0,15.0,95.0,0.0,0.0
8481035,2024,Samuel Ersson,PHI,G,5on4,47,11817.0,4.01,7.0,66.0,2.23,2.0,6.31,5.0,43.53,52.0,5.3,0.0,14.79,12.0,32.05,35.0,3.91,45.0,14.0,2.0,1.38,1.81,0.82,2.0,5.0,0.0,5.0,0.0,0.0
8476341,2024,Anton Forsberg,OTT,G,other,30,3157.0,5.35,5.0,62.0,2.38,3.0,7.25,8.0,34.23,33.0,1.1,0.0,19.02,13.0,10.85,17.0,5.13,27.0,13.0,6.0,1.1,1.64,2.61,1.0,4.0,0.0,16.0,0.0,0.0
8476341,2024,Anton Forsberg,OTT,G,all,30,100592.0,78.23,76.0,1639.0,54.55,76.0,201.7,150.0,835.68,768.0,27.35,1.0,453.27,334.0,328.84,506.0,75.15,852.0,198.0,94.0,23.74,25.04,29.45,22.0,32.0,22.0,495.0,0.0,0.0
8476341,2024,Anton Forsberg,OTT,G,5on5,30,81973.0,54.0,52.0,1345.0,41.49,62.0,169.63,122.0,671.39,615.0,22.15,1.0,366.62,267.0,271.91,422.0,52.26,719.0,148.0,59.0,19.82,18.85,15.34,18.0,24.0,10.0,419.0,0.0,0.0
8476341,2024,Anton Forsberg,OTT,G,4on5,30,7355.0,16.93,16.0,199.0,9.64,11.0,21.99,17.0,109.86,97.0,0.61,0.0,61.23,51.0,32.85,50.0,15.84,89.0,29.0,28.0,2.21,3.43,11.3,1.0,3.0,12.0,53.0,0.0,0.0
8476341,2024,Anton Forsberg,OTT,G,5on4,30,8107.0,1.53,1.0,28.0,0.88,0.0,2.16,2.0,17.07,19.0,3.47,0.0,5.14,2.0,11.83,17.0,1.52,15.0,6.0,1.0,0.51,0.81,0.21,1.0,0.0,0.0,6.0,0.0,0.0
8473575,2024,Semyon Varlamov,NYI,G,other,10,471.0,0.78,1.0,18.0,0.87,0.0,2.0,3.0,9.89,10.0,0.08,0.0,7.17,5.0,2.84,5.0,0.7,11.0,3.0,0.0,0.47,0.31,0.0,1.0,0.0,0.0,4.0,0.0,0.0
8473575,2024,Semyon Varlamov,NYI,G,all,10,36144.0,28.34,29.0,568.0,18.7,26.0,68.66,37.0,290.18,262.0,9.89,1.0,155.52,140.0,117.33,166.0,27.06,289.0,79.0,30.0,8.48,9.92,9.94,14.0,7.0,8.0,170.0,0.0,0.0
8473575,2024,Semyon Varlamov,NYI,G,5on5,10,30592.0,21.64,19.0,484.0,14.97,25.0,59.15,31.0,240.01,212.0,8.17,0.0,128.0,120.0,98.28,135.0,20.51,245.0,61.0,24.0,6.71,7.7,7.22,12.0,3.0,4.0,154.0,0.0,0.0
8473575,2024,Semyon Varlamov,NYI,G,4on5,10,1526.0,4.21,8.0,44.0,2.04,1.0,5.17,3.0,25.68,24.0,0.23,0.0,15.17,10.0,7.66,13.0,4.13,20.0,11.0,4.0,0.69,1.25,2.27,1.0,3.0,4.0,9.0,0.0,0.0
8473575,2024,Semyon Varlamov,NYI,G,5on4,10,3555.0,0.63,0.0,10.0,0.3,0.0,0.91,0.0,6.66,8.0,1.17,0.0,2.12,2.0,4.85,7.0,0.63,7.0,2.0,0.0,0.27,0.36,0.0,0.0,0.0,0.0,1.0,0.0,0.0
8482487,2024,Jakub Dobes,MTL,G,other,16,1545.0,2.58,3.0,35.0,1.37,4.0,3.86,3.0,18.53,17.0,0.44,0.0,10.14,6.0,6.34,9.0,2.39,12.0,10.0,3.0,0.37,1.22,0.99,0.0,3.0,0.0,10.0,0.0,0.0
8482487,2024,Jakub Dobes,MTL,G,all,16,52487.0,49.03,40.0,957.0,33.25,59.0,120.61,102.0,491.64,440.0,13.7,1.0,264.57,190.0,188.7,279.0,45.56,481.0,141.0,51.0,14.42,18.03,16.58,14.0,20.0,6.0,284.0,0.0,0.0
8482487,2024,Jakub Dobes,MTL,G,5on5,16,43954.0,32.9,29.0,763.0,24.69,44.0,100.17,85.0,387.31,340.0,11.3,0.0,209.15,137.0,153.76,237.0,31.62,410.0,92.0,32.0,11.93,11.79,9.17,14.0,11.0,4.0,229.0,0.0,0.0
8482487,2024,Jakub Dobes,MTL,G,4on5,16,3650.0,11.81,7.0,133.0,6.37,10.0,14.0,13.0,70.54,67.0,0.23,0.0,39.14,42.0,19.44,21.0,9.9,47.0,32.0,14.0,1.85,4.09,5.87,0.0,5.0,2.0,40.0,0.0,0.0
8482487,2024,Jakub Dobes,MTL,G,5on4,16,3338.0,1.14,0.0,18.0,0.56,1.0,1.83,1.0,10.7,10.0,1.55,0.0,3.88,1.0,7.21,11.0,1.11,10.0,3.0,2.0,0.15,0.44,0.55,0.0,0.0,0.0,3.0,0.0,0.0
8483532,2024,Clay Stevenson,WSH,G,other,1,0.0,0.0,0.0,0.0,0.0,0.0,0.0,0.0,0.0,0.0,0.0,0.0,0.0,0.0,0.0,0.0,0.0,0.0,0.0,0.0,0.0,0.0,0.0,0.0,0.0,0.0,0.0,0.0,0.0
8483532,2024,Clay Stevenson,WSH,G,all,1,3600.0,3.77,5.0,74.0,2.43,4.0,8.58,9.0,37.26,38.0,0.78,0.0,19.93,14.0,15.04,19.0,3.63,35.0,12.0,4.0,1.01,1.41,1.35,1.0,4.0,0.0,23.0,0.0,0.0
8483532,2024,Clay Stevenson,WSH,G,5on5,1,3243.0,2.76,3.0,65.0,2.01,3.0,7.65,8.0,32.6,33.0,0.7,0.0,17.79,13.0,13.7,18.0,2.71,34.0,8.0,3.0,0.94,0.92,0.91,1.0,2.0,0.0,20.0,0.0,0.0
8483532,2024,Clay Stevenson,WSH,G,4on5,1,172.0,0.88,1.0,8.0,0.37,1.0,0.85,1.0,3.92,4.0,0.02,0.0,1.92,1.0,0.84,1.0,0.79,1.0,3.0,1.0,0.08,0.36,0.44,0.0,1.0,0.0,3.0,0.0,0.0
8483532,2024,Clay Stevenson,WSH,G,5on4,1,185.0,0.14,1.0,1.0,0.05,0.0,0.07,0.0,0.74,1.0,0.06,0.0,0.22,0.0,0.5,0.0,0.14,0.0,1.0,0.0,0.0,0.14,0.0,0.0,1.0,0.0,0.0,0.0,0.0
8482446,2024,Joel Blomqvist,PIT,G,other,15,756.0,1.96,3.0,23.0,1.3,2.0,2.66,0.0,11.94,12.0,0.13,0.0,7.36,7.0,2.15,4.0,1.55,7.0,6.0,3.0,0.22,0.73,1.0,1.0,1.0,1.0,7.0,0.0,0.0
8482446,2024,Joel Blomqvist,PIT,G,all,15,46347.0,44.33,49.0,806.0,29.07,42.0,104.76,86.0,434.56,425.0,14.3,4.0,230.29,187.0,169.19,228.0,42.26,403.0,138.0,51.0,11.24,17.34,15.75,19.0,22.0,8.0,214.0,0.0,0.0
8482446,2024,Joel Blomqvist,PIT,G,5on5,15,38973.0,31.18,38.0,635.0,22.19,34.0,87.82,75.0,349.11,340.0,11.86,4.0,183.13,142.0,138.29,185.0,29.97,339.0,104.0,31.0,9.33,13.46,8.39,16.0,20.0,2.0,161.0,0.0,0.0
8482446,2024,Joel Blomqvist,PIT,G,4on5,15,3368.0,9.67,7.0,123.0,4.59,5.0,11.68,11.0,57.85,59.0,0.35,0.0,34.05,36.0,18.18,21.0,9.22,42.0,23.0,15.0,1.25,2.56,5.87,1.0,1.0,5.0,43.0,0.0,0.0
8482446,2024,Joel Blomqvist,PIT,G,5on4,15,3250.0,1.38,0.0,21.0,0.87,1.0,2.16,0.0,13.46,12.0,1.94,0.0,4.73,1.0,9.35,17.0,1.38,13.0,4.0,2.0,0.4,0.51,0.48,0.0,0.0,0.0,2.0,0.0,0.0
8480382,2024,Alexandar Georgiev,SJS,G,other,49,3767.0,13.39,10.0,158.0,6.6,17.0,18.36,10.0,86.83,83.0,1.11,0.0,45.95,48.0,27.49,29.0,11.28,58.0,39.0,18.0,2.49,4.61,6.29,3.0,3.0,4.0,43.0,0.0,0.0
8480382,2024,Alexandar Georgiev,SJS,G,all,49,160308.0,147.05,165.0,2748.0,98.99,180.0,345.48,271.0,1418.66,1317.0,43.98,4.0,755.31,581.0,539.08,735.0,137.69,1372.0,382.0,180.0,40.48,47.86,58.71,59.0,59.0,47.0,814.0,0.0,0.0
8480382,2024,Alexandar Georgiev,SJS,G,5on5,49,134840.0,99.84,112.0,2192.0,72.4,120.0,275.48,225.0,1096.86,1009.0,36.29,3.0,589.02,440.0,431.51,607.0,95.33,1109.0,287.0,109.0,31.67,36.53,31.64,47.0,43.0,22.0,687.0,0.0,0.0
8480382,2024,Alexandar Georgiev,SJS,G,4on5,49,11064.0,30.41,35.0,343.0,18.05,42.0,45.71,31.0,199.21,190.0,0.8,0.0,107.63,86.0,57.29,72.0,27.71,174.0,43.0,49.0,5.41,5.31,19.69,7.0,8.0,20.0,77.0,0.0,0.0
8480382,2024,Alexandar Georgiev,SJS,G,5on4,49,10637.0,2.82,7.0,45.0,1.59,1.0,4.74,3.0,29.76,29.0,5.51,1.0,9.39,4.0,20.43,25.0,2.79,27.0,9.0,4.0,0.74,0.99,1.09,2.0,4.0,1.0,5.0,0.0,0.0
8471734,2024,Jonathan Quick,NYR,G,other,24,2159.0,2.82,3.0,46.0,1.73,0.0,5.15,5.0,23.76,19.0,0.47,1.0,13.4,9.0,8.12,15.0,2.72,15.0,17.0,0.0,0.55,2.27,0.0,0.0,3.0,0.0,14.0,0.0,0.0
8471734,2024,Jonathan Quick,NYR,G,all,24,79541.0,64.62,70.0,1313.0,47.58,76.0,176.64,93.0,715.26,657.0,23.43,3.0,384.15,316.0,279.99,420.0,62.48,713.0,202.0,62.0,20.7,24.84,19.09,30.0,27.0,13.0,336.0,2.0,1.0
8471734,2024,Jonathan Quick,NYR,G,5on5,24,67791.0,48.78,52.0,1125.0,38.72,64.0,154.76,83.0,604.81,555.0,19.28,2.0,325.36,264.0,240.84,364.0,47.22,630.0,153.0,46.0,17.95,18.53,12.31,27.0,21.0,4.0,296.0,2.0,1.0
8471734,2024,Jonathan Quick,NYR,G,4on5,24,4490.0,11.03,11.0,117.0,6.45,11.0,14.21,5.0,70.28,67.0,0.72,0.0,40.44,37.0,20.62,31.0,10.56,54.0,28.0,13.0,1.78,3.54,5.71,1.0,3.0,7.0,22.0,0.0,0.0
8471734,2024,Jonathan Quick,NYR,G,5on4,24,5101.0,1.06,2.0,20.0,0.53,1.0,1.95,0.0,13.07,13.0,2.88,0.0,3.85,4.0,9.24,10.0,1.06,12.0,4.0,1.0,0.32,0.49,0.25,2.0,0.0,0.0,3.0,0.0,0.0
8480819,2024,Jakub Skarek,NYI,G,other,2,126.0,0.17,0.0,2.0,0.08,1.0,0.39,1.0,1.42,2.0,0.0,0.0,0.65,0.0,0.66,0.0,0.16,1.0,1.0,0.0,0.03,0.14,0.0,0.0,0.0,0.0,0.0,0.0,0.0
8480819,2024,Jakub Skarek,NYI,G,all,2,4569.0,2.61,5.0,73.0,2.45,5.0,8.73,8.0,35.26,39.0,1.7,0.0,21.05,14.0,14.87,19.0,2.57,38.0,13.0,0.0,1.17,1.44,0.0,2.0,3.0,0.0,22.0,0.0,0.0
8480819,2024,Jakub Skarek,NYI,G,5on5,2,3927.0,2.06,4.0,63.0,2.06,4.0,7.46,5.0,29.84,31.0,1.56,0.0,17.67,14.0,12.66,16.0,2.04,33.0,10.0,0.0,0.96,1.1,0.0,1.0,3.0,0.0,20.0,0.0,0.0
8480819,2024,Jakub Skarek,NYI,G,4on5,2,132.0,0.3,1.0,7.0,0.28,0.0,0.79,2.0,3.22,5.0,0.01,0.0,2.51,0.0,0.98,2.0,0.29,4.0,1.0,0.0,0.18,0.12,0.0,1.0,0.0,0.0,2.0,0.0,0.0
8480819,2024,Jakub Skarek,NYI,G,5on4,2,384.0,0.08,0.0,1.0,0.03,0.0,0.09,0.0,0.78,1.0,0.12,0.0,0.22,0.0,0.57,1.0,0.08,0.0,1.0,0.0,0.0,0.08,0.0,0.0,0.0,0.0,0.0,0.0,0.0
8484312,2024,Georgi Romanov,SJS,G,other,8,476.0,0.21,0.0,4.0,0.15,0.0,0.33,0.0,2.05,0.0,0.26,0.0,1.5,1.0,0.75,2.0,0.21,2.0,1.0,0.0,0.1,0.11,0.0,0.0,0.0,0.0,1.0,0.0,0.0
8484312,2024,Georgi Romanov,SJS,G,all,8,25016.0,21.53,27.0,468.0,16.28,22.0,59.78,48.0,241.22,219.0,5.97,2.0,132.82,101.0,93.59,133.0,20.82,247.0,64.0,21.0,7.08,8.12,6.32,10.0,11.0,6.0,136.0,0.0,0.0
8484312,2024,Georgi Romanov,SJS,G,5on5,8,20714.0,15.39,21.0,381.0,12.02,15.0,49.72,46.0,193.33,177.0,5.01,2.0,105.23,77.0,77.34,106.0,15.06,205.0,48.0,13.0,5.65,6.14,3.6,9.0,9.0,3.0,115.0,0.0,0.0
8484312,2024,Georgi Romanov,SJS,G,4on5,8,2320.0,5.66,6.0,77.0,3.91,7.0,9.18,2.0,42.42,39.0,0.13,0.0,24.7,21.0,13.03,22.0,5.29,36.0,14.0,8.0,1.2,1.74,2.72,1.0,2.0,3.0,19.0,0.0,0.0
8484312,2024,Georgi Romanov,SJS,G,5on4,8,1506.0,0.26,0.0,6.0,0.2,0.0,0.54,0.0,3.42,3.0,0.57,0.0,1.4,2.0,2.47,3.0,0.26,4.0,1.0,0.0,0.14,0.13,0.0,0.0,0.0,0.0,1.0,0.0,0.0
8482661,2024,Jesper Wallstedt,MIN,G,other,2,141.0,0.14,0.0,2.0,0.1,0.0,0.31,0.0,1.41,1.0,0.02,0.0,0.69,0.0,0.72,2.0,0.14,1.0,1.0,0.0,0.03,0.12,0.0,0.0,0.0,0.0,0.0,0.0,0.0
8482661,2024,Jesper Wallstedt,MIN,G,all,2,7046.0,5.3,8.0,114.0,3.62,5.0,13.88,10.0,56.98,51.0,1.6,0.0,31.32,29.0,23.06,27.0,5.11,57.0,17.0,5.0,1.49,2.18,1.63,2.0,4.0,2.0,35.0,2.0,1.0
8482661,2024,Jesper Wallstedt,MIN,G,5on5,2,6087.0,4.04,5.0,104.0,2.99,5.0,12.64,9.0,49.8,44.0,1.22,0.0,27.39,27.0,20.35,23.0,3.88,54.0,11.0,4.0,1.4,1.41,1.23,1.0,3.0,1.0,35.0,2.0,1.0
8482661,2024,Jesper Wallstedt,MIN,G,4on5,2,338.0,1.09,3.0,7.0,0.51,0.0,0.8,1.0,5.03,6.0,0.04,0.0,3.02,1.0,1.42,2.0,1.06,1.0,5.0,1.0,0.04,0.65,0.4,1.0,1.0,1.0,0.0,0.0,0.0
8482661,2024,Jesper Wallstedt,MIN,G,5on4,2,480.0,0.03,0.0,1.0,0.03,0.0,0.12,0.0,0.73,0.0,0.32,0.0,0.22,1.0,0.58,0.0,0.03,1.0,0.0,0.0,0.03,0.0,0.0,0.0,0.0,0.0,0.0,0.0,0.0
8484268,2024,Nikita Tolopilo,VAN,G,other,2,7.0,0.02,0.0,2.0,0.04,0.0,0.14,0.0,0.65,1.0,0.26,0.0,0.33,0.0,0.45,1.0,0.02,1.0,0.0,0.0,0.02,0.0,0.0,0.0,0.0,0.0,1.0,0.0,0.0
8484268,2024,Nikita Tolopilo,VAN,G,all,2,5019.0,2.03,3.0,59.0,2.26,2.0,8.36,7.0,34.72,24.0,1.95,0.0,19.05,18.0,15.13,18.0,2.02,42.0,5.0,1.0,0.99,0.57,0.46,2.0,0.0,1.0,11.0,0.0,0.0
8484268,2024,Nikita Tolopilo,VAN,G,5on5,2,3871.0,1.34,2.0,42.0,1.44,0.0,6.06,5.0,25.11,16.0,1.05,0.0,14.45,14.0,10.91,14.0,1.34,30.0,5.0,0.0,0.77,0.57,0.0,2.0,0.0,0.0,7.0,0.0,0.0
8484268,2024,Nikita Tolopilo,VAN,G,4on5,2,421.0,0.58,1.0,12.0,0.71,2.0,1.78,2.0,6.53,5.0,0.09,0.0,3.53,4.0,2.12,0.0,0.57,8.0,0.0,1.0,0.12,0.0,0.46,0.0,0.0,1.0,3.0,0.0,0.0
8484268,2024,Nikita Tolopilo,VAN,G,5on4,2,720.0,0.09,0.0,3.0,0.06,0.0,0.38,0.0,2.44,2.0,0.54,0.0,0.74,0.0,1.65,3.0,0.09,3.0,0.0,0.0,0.09,0.0,0.0,0.0,0.0,0.0,0.0,0.0,0.0
8477465,2024,Tristan Jarry,PIT,G,other,36,2317.0,7.83,6.0,108.0,3.99,7.0,10.63,7.0,53.89,43.0,0.84,0.0,31.06,23.0,17.66,30.0,6.69,50.0,12.0,11.0,2.07,1.54,4.22,1.0,2.0,3.0,35.0,0.0,0.0
8477465,2024,Tristan Jarry,PIT,G,all,36,121194.0,100.33,105.0,2010.0,72.26,106.0,254.69,196.0,1060.38,972.0,34.15,1.0,581.65,458.0,423.09,600.0,95.33,1106.0,254.0,108.0,32.6,32.06,35.68,37.0,39.0,29.0,542.0,2.0,1.0
8477465,2024,Tristan Jarry,PIT,G,5on5,36,101954.0,73.07,77.0,1620.0,55.81,85.0,212.24,161.0,852.8,771.0,27.92,1.0,463.98,364.0,344.03,488.0,69.86,901.0,203.0,74.0,26.06,25.91,21.11,32.0,32.0,13.0,442.0,2.0,1.0
8477465,2024,Tristan Jarry,PIT,G,4on5,36,8153.0,17.41,18.0,234.0,10.81,11.0,26.65,24.0,123.84,123.0,0.4,0.0,75.61,66.0,39.32,55.0,16.76,118.0,34.0,22.0,3.35,3.96,10.09,1.0,4.0,13.0,60.0,0.0,0.0
8477465,2024,Tristan Jarry,PIT,G,5on4,36,8770.0,1.83,2.0,42.0,1.47,3.0,4.58,4.0,27.4,33.0,4.96,0.0,9.64,5.0,20.5,25.0,1.82,33.0,5.0,1.0,0.93,0.65,0.25,1.0,1.0,0.0,3.0,0.0,0.0
8481033,2024,Akira Schmid,VGK,G,other,5,159.0,0.27,0.0,6.0,0.17,0.0,0.57,3.0,2.99,4.0,0.09,0.0,1.49,1.0,1.41,0.0,0.27,2.0,2.0,0.0,0.1,0.16,0.0,0.0,0.0,0.0,2.0,0.0,0.0
8481033,2024,Akira Schmid,VGK,G,all,5,14286.0,7.36,5.0,213.0,7.15,11.0,28.34,30.0,108.63,90.0,4.3,1.0,60.81,53.0,43.75,52.0,7.22,125.0,22.0,4.0,3.48,2.84,1.04,2.0,0.0,3.0,62.0,0.0,0.0
8481033,2024,Akira Schmid,VGK,G,5on5,5,11706.0,5.78,4.0,173.0,5.5,10.0,24.26,23.0,89.18,73.0,3.21,1.0,50.27,42.0,36.19,46.0,5.68,105.0,17.0,3.0,2.75,2.24,0.79,2.0,0.0,2.0,48.0,0.0,0.0
8481033,2024,Akira Schmid,VGK,G,4on5,5,1299.0,1.2,1.0,30.0,1.39,1.0,3.19,3.0,14.25,11.0,0.21,0.0,8.32,9.0,4.47,5.0,1.16,15.0,3.0,1.0,0.51,0.44,0.25,0.0,0.0,1.0,11.0,0.0,0.0
8481033,2024,Akira Schmid,VGK,G,5on4,5,1122.0,0.12,0.0,4.0,0.09,0.0,0.32,1.0,2.21,2.0,0.69,0.0,0.73,1.0,1.68,1.0,0.12,3.0,0.0,0.0,0.12,0.0,0.0,0.0,0.0,0.0,1.0,0.0,0.0
8477970,2024,Vitek Vanecek,FLA,G,other,25,2448.0,6.67,10.0,72.0,3.09,7.0,8.11,4.0,38.04,39.0,0.71,0.0,18.83,15.0,11.93,14.0,5.87,26.0,15.0,9.0,1.07,1.97,3.63,2.0,4.0,4.0,22.0,0.0,0.0
8477970,2024,Vitek Vanecek,FLA,G,all,25,83618.0,75.47,84.0,1483.0,54.46,87.0,186.83,128.0,784.75,724.0,22.68,0.0,431.1,346.0,310.54,438.0,71.46,798.0,199.0,88.0,22.96,24.46,28.06,30.0,34.0,20.0,398.0,0.0,0.0
8477970,2024,Vitek Vanecek,FLA,G,5on5,25,66259.0,51.96,55.0,1157.0,40.59,72.0,152.06,108.0,612.17,558.0,18.34,0.0,337.34,269.0,248.21,345.0,49.6,651.0,146.0,54.0,18.76,18.23,14.98,25.0,24.0,6.0,306.0,0.0,0.0
8477970,2024,Vitek Vanecek,FLA,G,4on5,25,8418.0,14.6,16.0,217.0,9.69,8.0,23.14,12.0,111.46,104.0,0.58,0.0,67.43,56.0,35.44,62.0,13.77,101.0,32.0,21.0,2.6,3.61,8.39,2.0,5.0,9.0,63.0,0.0,0.0
8477970,2024,Vitek Vanecek,FLA,G,5on4,25,6493.0,1.64,3.0,28.0,0.77,0.0,2.55,3.0,18.3,20.0,2.82,0.0,5.47,3.0,13.05,15.0,1.63,18.0,3.0,3.0,0.45,0.34,0.84,1.0,1.0,1.0,4.0,0.0,0.0
8479312,2024,Alex Lyon,DET,G,other,30,2650.0,6.18,2.0,79.0,3.39,9.0,8.39,7.0,41.05,34.0,1.08,0.0,24.49,23.0,10.87,14.0,5.49,27.0,19.0,9.0,1.0,2.22,2.96,1.0,1.0,0.0,24.0,0.0,0.0
8479312,2024,Alex Lyon,DET,G,all,30,93578.0,75.37,73.0,1520.0,54.02,84.0,192.75,151.0,791.36,705.0,25.68,2.0,435.36,342.0,307.9,441.0,71.29,771.0,241.0,81.0,21.6,28.88,24.89,30.0,31.0,12.0,427.0,2.0,1.0
8479312,2024,Alex Lyon,DET,G,5on5,30,77647.0,54.69,55.0,1225.0,40.98,57.0,159.51,131.0,631.71,563.0,19.77,2.0,345.02,266.0,253.01,365.0,52.43,641.0,178.0,56.0,17.13,21.53,16.02,25.0,23.0,7.0,350.0,2.0,1.0
8479312,2024,Alex Lyon,DET,G,4on5,30,5848.0,12.68,15.0,183.0,8.61,15.0,21.03,12.0,96.69,90.0,0.33,0.0,58.34,49.0,29.93,42.0,11.61,80.0,40.0,14.0,2.67,4.61,5.4,4.0,7.0,4.0,49.0,0.0,0.0
8479312,2024,Alex Lyon,DET,G,5on4,30,7433.0,1.34,0.0,26.0,0.8,3.0,2.65,1.0,16.55,12.0,4.27,0.0,5.26,4.0,11.38,14.0,1.27,17.0,4.0,1.0,0.54,0.52,0.28,0.0,0.0,0.0,4.0,0.0,0.0
8482982,2024,Jet Greaves,CBJ,G,other,11,695.0,2.56,4.0,28.0,1.33,3.0,3.3,3.0,15.99,19.0,0.4,1.0,9.15,5.0,4.12,6.0,1.94,13.0,4.0,4.0,0.62,0.56,1.39,2.0,1.0,1.0,7.0,0.0,0.0
8482982,2024,Jet Greaves,CBJ,G,all,11,39606.0,35.46,21.0,693.0,25.55,49.0,91.87,99.0,378.14,339.0,11.95,1.0,203.51,148.0,146.01,198.0,33.36,379.0,98.0,38.0,11.99,12.32,11.15,8.0,12.0,1.0,178.0,0.0,0.0
8482982,2024,Jet Greaves,CBJ,G,5on5,11,34752.0,30.11,16.0,617.0,21.94,44.0,82.8,89.0,334.08,297.0,10.02,0.0,179.53,132.0,131.45,176.0,28.71,342.0,83.0,32.0,10.69,10.27,9.15,6.0,10.0,0.0,160.0,0.0,0.0
8482982,2024,Jet Greaves,CBJ,G,4on5,11,1885.0,1.87,1.0,40.0,1.91,1.0,4.81,7.0,21.63,17.0,0.22,0.0,13.05,10.0,6.67,10.0,1.83,20.0,8.0,1.0,0.5,1.06,0.31,0.0,1.0,0.0,11.0,0.0,0.0
8482982,2024,Jet Greaves,CBJ,G,5on4,11,2274.0,0.92,0.0,8.0,0.36,1.0,0.96,0.0,6.44,6.0,1.31,0.0,1.78,1.0,3.77,6.0,0.88,4.0,3.0,1.0,0.18,0.44,0.3,0.0,0.0,0.0,0.0,0.0,0.0
8475809,2024,Scott Wedgewood,COL,G,other,24,2195.0,3.31,2.0,57.0,2.18,3.0,5.65,6.0,27.94,27.0,0.69,0.0,15.91,17.0,9.97,10.0,3.18,23.0,10.0,5.0,0.88,1.18,1.26,2.0,0.0,0.0,19.0,0.0,0.0
8475809,2024,Scott Wedgewood,COL,G,all,24,82385.0,56.17,53.0,1228.0,41.94,61.0,157.01,126.0,629.75,578.0,23.38,1.0,344.05,277.0,246.66,348.0,53.82,652.0,157.0,58.0,18.47,19.48,18.22,27.0,14.0,12.0,361.0,0.0,0.0
8475809,2024,Scott Wedgewood,COL,G,5on5,24,67560.0,40.89,37.0,1000.0,32.53,53.0,132.8,108.0,509.61,466.0,19.09,1.0,278.14,218.0,203.31,288.0,38.96,550.0,118.0,37.0,15.0,14.97,10.92,22.0,10.0,5.0,295.0,0.0,0.0
8475809,2024,Scott Wedgewood,COL,G,4on5,24,5953.0,10.11,12.0,143.0,6.28,3.0,15.37,10.0,74.61,65.0,0.3,0.0,44.19,40.0,22.76,36.0,9.89,62.0,26.0,13.0,1.96,2.97,5.17,2.0,3.0,7.0,42.0,0.0,0.0
8475809,2024,Scott Wedgewood,COL,G,5on4,24,6677.0,1.62,2.0,20.0,0.74,2.0,2.18,1.0,13.11,16.0,3.16,0.0,3.87,2.0,8.16,10.0,1.55,11.0,3.0,3.0,0.4,0.36,0.87,1.0,1.0,0.0,3.0,0.0,0.0
8479193,2024,Casey DeSmith,DAL,G,other,27,2748.0,4.17,5.0,80.0,3.32,3.0,8.28,6.0,42.13,33.0,0.4,0.0,28.39,27.0,13.26,18.0,3.98,43.0,11.0,5.0,1.47,1.36,1.33,0.0,2.0,3.0,21.0,0.0,0.0
8479193,2024,Casey DeSmith,DAL,G,all,27,90270.0,80.86,65.0,1541.0,55.92,83.0,200.65,151.0,827.13,761.0,25.42,3.0,447.84,385.0,319.86,446.0,77.75,813.0,229.0,91.0,23.93,27.92,29.01,22.0,21.0,22.0,408.0,2.0,1.0
8479193,2024,Casey DeSmith,DAL,G,5on5,27,73624.0,59.75,44.0,1264.0,42.8,69.0,169.33,127.0,668.68,612.0,20.3,2.0,356.69,304.0,263.09,367.0,57.61,671.0,178.0,65.0,19.36,21.8,18.59,18.0,16.0,10.0,350.0,0.0,0.0
8479193,2024,Casey DeSmith,DAL,G,4on5,27,6271.0,14.91,16.0,166.0,8.52,9.0,19.83,17.0,95.5,94.0,0.63,0.0,55.27,48.0,28.37,40.0,14.17,80.0,30.0,20.0,2.55,3.5,8.84,4.0,3.0,9.0,36.0,0.0,0.0
8479193,2024,Casey DeSmith,DAL,G,5on4,27,7627.0,2.03,0.0,31.0,1.28,2.0,3.22,1.0,20.81,22.0,4.09,1.0,7.49,6.0,15.13,21.0,2.0,19.0,10.0,1.0,0.54,1.25,0.24,0.0,0.0,0.0,1.0,2.0,1.0
8480191,2024,Matt Villalta,UTA,G,other,1,133.0,0.98,0.0,10.0,0.57,1.0,1.0,1.0,5.01,6.0,0.14,0.0,3.38,4.0,0.84,1.0,0.84,1.0,5.0,1.0,0.01,0.76,0.21,0.0,0.0,0.0,3.0,0.0,0.0
8480191,2024,Matt Villalta,UTA,G,all,1,3600.0,3.72,3.0,60.0,2.57,4.0,7.81,8.0,32.42,31.0,1.07,0.0,18.75,14.0,11.02,16.0,3.24,28.0,13.0,4.0,0.75,1.76,1.21,0.0,2.0,1.0,15.0,0.0,0.0
8480191,2024,Matt Villalta,UTA,G,5on5,1,2924.0,2.2,2.0,44.0,1.74,3.0,6.29,7.0,24.48,23.0,0.91,0.0,13.6,8.0,9.35,14.0,2.1,25.0,7.0,2.0,0.64,0.84,0.72,0.0,1.0,1.0,10.0,0.0,0.0
8480191,2024,Matt Villalta,UTA,G,4on5,1,153.0,0.54,1.0,6.0,0.26,0.0,0.53,0.0,2.93,2.0,0.0,0.0,1.77,2.0,0.82,1.0,0.3,2.0,1.0,1.0,0.09,0.17,0.28,0.0,1.0,0.0,2.0,0.0,0.0
8480191,2024,Matt Villalta,UTA,G,5on4,1,390.0,0.0,0.0,0.0,0.0,0.0,0.0,0.0,0.0,0.0,0.03,0.0,0.0,0.0,0.0,0.0,0.0,0.0,0.0,0.0,0.0,0.0,0.0,0.0,0.0,0.0,0.0,0.0,0.0
8474682,2024,Dustin Tokarski,CAR,G,other,6,698.0,0.86,0.0,15.0,0.41,1.0,1.57,3.0,7.29,7.0,0.23,0.0,3.78,1.0,3.16,5.0,0.79,9.0,0.0,1.0,0.34,0.0,0.52,0.0,0.0,0.0,5.0,0.0,0.0
8474682,2024,Dustin Tokarski,CAR,G,all,6,21499.0,11.75,13.0,300.0,9.93,12.0,36.65,34.0,150.96,132.0,7.02,1.0,81.77,54.0,61.89,94.0,11.37,160.0,38.0,9.0,4.05,4.75,2.94,7.0,5.0,1.0,93.0,0.0,0.0
8474682,2024,Dustin Tokarski,CAR,G,5on5,6,17234.0,9.0,12.0,242.0,7.67,8.0,29.41,26.0,117.84,99.0,5.57,0.0,64.05,41.0,47.92,75.0,8.88,125.0,32.0,5.0,3.33,4.09,1.57,7.0,4.0,1.0,80.0,0.0,0.0
8474682,2024,Dustin Tokarski,CAR,G,4on5,6,1755.0,1.01,1.0,34.0,1.52,1.0,4.65,5.0,19.24,19.0,0.23,0.0,11.87,12.0,6.32,7.0,0.98,21.0,4.0,1.0,0.33,0.44,0.24,0.0,1.0,0.0,8.0,0.0,0.0
8474682,2024,Dustin Tokarski,CAR,G,5on4,6,1812.0,0.87,0.0,9.0,0.33,2.0,1.01,0.0,6.59,7.0,0.98,1.0,2.07,0.0,4.49,7.0,0.72,5.0,2.0,2.0,0.04,0.22,0.61,0.0,0.0,0.0,0.0,0.0,0.0
8478916,2024,Joey Daccord,SEA,G,other,57,5385.0,16.28,14.0,163.0,7.13,9.0,17.32,17.0,91.89,81.0,1.63,1.0,52.54,51.0,26.58,32.0,12.9,66.0,30.0,27.0,2.67,3.68,9.93,2.0,4.0,8.0,40.0,0.0,0.0
8478916,2024,Joey Daccord,SEA,G,all,57,197715.0,170.05,151.0,3495.0,122.85,208.0,447.89,402.0,1817.31,1600.0,55.05,3.0,996.36,847.0,713.8,898.0,160.1,1896.0,418.0,199.0,54.05,52.43,63.56,62.0,47.0,42.0,982.0,0.0,0.0
8478916,2024,Joey Daccord,SEA,G,5on5,57,164698.0,121.91,106.0,2833.0,92.81,173.0,371.12,333.0,1444.65,1263.0,44.98,2.0,786.02,662.0,582.71,723.0,116.72,1543.0,333.0,128.0,43.46,42.16,36.29,51.0,38.0,17.0,829.0,0.0,0.0
8478916,2024,Joey Daccord,SEA,G,4on5,57,12486.0,27.9,29.0,433.0,20.75,24.0,52.44,44.0,234.94,210.0,1.17,0.0,143.62,127.0,73.16,102.0,26.55,244.0,43.0,39.0,6.77,5.08,16.06,9.0,5.0,15.0,107.0,0.0,0.0
8478916,2024,Joey Daccord,SEA,G,5on4,57,15146.0,3.81,2.0,63.0,2.05,2.0,6.58,7.0,43.59,43.0,7.14,0.0,13.19,7.0,30.09,39.0,3.8,40.0,12.0,5.0,1.02,1.51,1.28,0.0,0.0,2.0,6.0,0.0,0.0
8475311,2024,Darcy Kuemper,LAK,G,other,50,5586.0,12.63,15.0,150.0,6.5,11.0,16.57,12.0,84.97,80.0,1.5,0.0,46.97,35.0,27.51,39.0,11.32,65.0,32.0,16.0,2.22,3.91,6.5,3.0,7.0,5.0,37.0,2.0,1.0
8475311,2024,Darcy Kuemper,LAK,G,all,50,178419.0,122.51,100.0,2735.0,95.97,136.0,349.15,259.0,1426.7,1268.0,51.44,5.0,772.91,619.0,564.51,837.0,117.79,1487.0,350.0,117.0,40.41,43.68,38.42,43.0,34.0,23.0,781.0,12.0,6.0
8475311,2024,Darcy Kuemper,LAK,G,5on5,50,146018.0,84.61,64.0,2192.0,69.19,97.0,284.12,210.0,1111.9,974.0,42.29,5.0,602.78,483.0,454.86,678.0,82.34,1210.0,251.0,73.0,31.87,31.46,21.27,33.0,19.0,12.0,658.0,10.0,5.0
8475311,2024,Darcy Kuemper,LAK,G,4on5,50,14676.0,22.12,17.0,342.0,18.51,24.0,43.07,36.0,195.49,180.0,1.05,0.0,112.07,95.0,59.61,90.0,21.06,183.0,53.0,26.0,5.35,6.63,10.14,6.0,6.0,5.0,80.0,0.0,0.0
8475311,2024,Darcy Kuemper,LAK,G,5on4,50,12139.0,2.72,3.0,46.0,1.48,3.0,4.68,1.0,30.57,30.0,6.27,0.0,9.34,5.0,20.85,28.0,2.65,26.0,12.0,2.0,0.82,1.39,0.51,1.0,1.0,1.0,6.0,0.0,0.0
8481692,2024,Dustin Wolf,CGY,G,other,53,5500.0,14.84,16.0,166.0,6.52,11.0,15.96,13.0,87.11,78.0,1.99,1.0,46.59,42.0,28.26,33.0,12.98,64.0,28.0,23.0,2.3,3.68,8.86,4.0,3.0,9.0,51.0,0.0,0.0
8481692,2024,Dustin Wolf,CGY,G,all,53,190942.0,151.93,140.0,3181.0,110.26,161.0,404.76,392.0,1647.63,1549.0,57.6,6.0,887.42,702.0,651.49,859.0,145.09,1681.0,433.0,148.0,47.86,54.34,49.73,48.0,56.0,36.0,919.0,2.0,1.0
8481692,2024,Dustin Wolf,CGY,G,5on5,53,156616.0,108.47,90.0,2532.0,81.18,125.0,328.79,314.0,1286.81,1212.0,47.21,4.0,691.96,542.0,522.91,699.0,104.99,1354.0,324.0,99.0,38.84,40.57,29.06,37.0,38.0,15.0,755.0,0.0,0.0
8481692,2024,Dustin Wolf,CGY,G,4on5,53,13940.0,23.76,25.0,410.0,20.02,24.0,52.17,60.0,223.85,205.0,1.05,0.0,131.54,102.0,69.41,93.0,22.41,217.0,66.0,22.0,5.07,8.26,10.44,2.0,11.0,12.0,105.0,0.0,0.0
8481692,2024,Dustin Wolf,CGY,G,5on4,53,14886.0,3.36,5.0,48.0,1.69,0.0,4.63,4.0,34.53,41.0,7.2,1.0,10.09,9.0,23.22,26.0,3.28,29.0,12.0,3.0,0.95,1.57,0.84,1.0,4.0,0.0,4.0,2.0,1.0
8481668,2024,Arturs Silovs,VAN,G,other,10,839.0,0.51,3.0,8.0,0.32,0.0,1.09,0.0,5.4,6.0,0.19,0.0,2.53,1.0,2.4,3.0,0.51,5.0,1.0,1.0,0.19,0.08,0.24,1.0,1.0,1.0,1.0,0.0,0.0
8481668,2024,Arturs Silovs,VAN,G,all,10,32551.0,22.83,33.0,497.0,17.21,25.0,64.08,45.0,261.18,238.0,7.54,0.0,143.79,123.0,103.4,133.0,21.97,282.0,52.0,26.0,7.99,6.61,8.23,19.0,7.0,7.0,137.0,2.0,1.0
8481668,2024,Arturs Silovs,VAN,G,5on5,10,26484.0,17.78,24.0,419.0,13.94,22.0,56.0,40.0,220.23,196.0,6.15,0.0,120.6,106.0,87.36,110.0,16.99,242.0,41.0,20.0,6.54,5.37,5.86,18.0,3.0,3.0,116.0,2.0,1.0
8481668,2024,Arturs Silovs,VAN,G,4on5,10,2713.0,3.94,4.0,63.0,2.67,3.0,6.35,5.0,30.32,30.0,0.23,0.0,19.0,15.0,9.98,16.0,3.87,31.0,7.0,5.0,1.02,0.79,2.13,0.0,1.0,3.0,20.0,0.0,0.0
8481668,2024,Arturs Silovs,VAN,G,5on4,10,2515.0,0.6,2.0,7.0,0.28,0.0,0.64,0.0,5.23,6.0,0.98,0.0,1.66,1.0,3.66,4.0,0.6,4.0,3.0,0.0,0.24,0.37,0.0,0.0,2.0,0.0,0.0,0.0,0.0
8483668,2024,Nikke Kokko,SEA,G,other,1,0.0,0.0,0.0,0.0,0.0,0.0,0.0,0.0,0.0,0.0,0.0,0.0,0.0,0.0,0.0,0.0,0.0,0.0,0.0,0.0,0.0,0.0,0.0,0.0,0.0,0.0,0.0,0.0,0.0
8483668,2024,Nikke Kokko,SEA,G,all,1,1797.0,0.58,2.0,16.0,0.4,0.0,1.57,0.0,6.9,6.0,0.4,0.0,4.3,3.0,2.93,5.0,0.58,7.0,3.0,0.0,0.21,0.36,0.0,1.0,1.0,0.0,6.0,0.0,0.0
8483668,2024,Nikke Kokko,SEA,G,5on5,1,1557.0,0.47,2.0,12.0,0.37,0.0,1.41,0.0,6.13,5.0,0.36,0.0,3.86,3.0,2.69,4.0,0.47,7.0,2.0,0.0,0.21,0.26,0.0,1.0,1.0,0.0,3.0,0.0,0.0
8483668,2024,Nikke Kokko,SEA,G,4on5,1,120.0,0.11,0.0,4.0,0.03,0.0,0.16,0.0,0.77,1.0,0.02,0.0,0.43,0.0,0.24,1.0,0.11,0.0,1.0,0.0,0.0,0.11,0.0,0.0,0.0,0.0,3.0,0.0,0.0
8483668,2024,Nikke Kokko,SEA,G,5on4,1,120.0,0.0,0.0,0.0,0.0,0.0,0.0,0.0,0.0,0.0,0.02,0.0,0.0,0.0,0.0,0.0,0.0,0.0,0.0,0.0,0.0,0.0,0.0,0.0,0.0,0.0,0.0,0.0,0.0
8473503,2024,James Reimer,BUF,G,other,24,2510.0,7.28,4.0,82.0,3.12,3.0,9.17,10.0,45.01,37.0,0.61,0.0,24.39,24.0,14.59,18.0,5.79,34.0,14.0,12.0,1.38,1.71,4.19,3.0,0.0,1.0,22.0,0.0,0.0
8473503,2024,James Reimer,BUF,G,all,24,81770.0,77.01,69.0,1424.0,50.93,70.0,184.03,146.0,765.43,664.0,21.24,1.0,411.27,343.0,294.85,412.0,72.63,729.0,215.0,99.0,22.34,26.27,28.4,20.0,28.0,21.0,381.0,0.0,0.0
8473503,2024,James Reimer,BUF,G,5on5,24,67507.0,55.18,49.0,1150.0,38.68,61.0,154.72,113.0,612.0,522.0,17.03,1.0,329.87,277.0,239.33,337.0,53.2,610.0,161.0,67.0,17.96,19.58,17.64,16.0,19.0,14.0,312.0,0.0,0.0
8473503,2024,James Reimer,BUF,G,4on5,24,5965.0,12.18,14.0,156.0,8.02,4.0,16.12,20.0,84.34,80.0,0.64,0.0,49.61,39.0,24.62,35.0,11.37,62.0,35.0,16.0,2.25,4.4,5.53,1.0,8.0,5.0,43.0,0.0,0.0
8473503,2024,James Reimer,BUF,G,5on4,24,5788.0,2.37,2.0,36.0,1.1,2.0,4.02,3.0,24.09,25.0,2.96,0.0,7.41,3.0,16.3,22.0,2.27,23.0,5.0,4.0,0.74,0.58,1.05,0.0,1.0,1.0,4.0,0.0,0.0
8478499,2024,Adin Hill,VGK,G,other,50,3538.0,14.48,7.0,141.0,5.82,8.0,13.53,13.0,76.54,62.0,0.76,0.0,46.74,48.0,18.88,25.0,11.78,55.0,28.0,19.0,2.25,3.56,8.67,2.0,2.0,3.0,39.0,0.0,0.0
8478499,2024,Adin Hill,VGK,G,all,50,176413.0,135.53,121.0,2880.0,96.72,154.0,360.64,265.0,1474.18,1293.0,50.69,5.0,807.33,708.0,579.99,780.0,127.67,1524.0,358.0,148.0,43.89,44.14,47.5,41.0,40.0,40.0,850.0,4.0,2.0
8478499,2024,Adin Hill,VGK,G,5on5,50,153280.0,101.65,92.0,2406.0,76.26,125.0,310.09,229.0,1219.68,1064.0,43.24,5.0,660.1,569.0,493.59,667.0,97.55,1294.0,281.0,108.0,36.96,34.78,29.91,37.0,29.0,26.0,723.0,4.0,2.0
8478499,2024,Adin Hill,VGK,G,4on5,50,9239.0,16.0,20.0,282.0,13.26,17.0,32.56,21.0,148.62,140.0,0.99,0.0,91.46,85.0,48.75,64.0,14.99,153.0,36.0,18.0,3.85,4.15,7.99,2.0,8.0,10.0,75.0,0.0,0.0
8478499,2024,Adin Hill,VGK,G,5on4,50,10356.0,3.2,2.0,44.0,1.28,4.0,4.07,2.0,27.09,25.0,5.55,0.0,8.0,5.0,17.58,22.0,3.13,20.0,12.0,3.0,0.71,1.57,0.92,0.0,1.0,1.0,9.0,0.0,0.0
8480843,2024,Lukas Dostal,ANA,G,other,54,6004.0,18.58,15.0,205.0,7.87,10.0,22.36,27.0,115.22,110.0,2.64,0.0,61.76,46.0,38.76,55.0,15.83,92.0,35.0,26.0,4.01,4.18,10.39,2.0,8.0,5.0,52.0,0.0,0.0
8480843,2024,Lukas Dostal,ANA,G,all,54,183459.0,172.35,158.0,3424.0,123.37,172.0,433.62,406.0,1816.03,1625.0,50.96,3.0,991.31,789.0,716.47,970.0,163.1,1845.0,478.0,175.0,54.52,59.62,58.2,54.0,64.0,40.0,926.0,0.0,0.0
8480843,2024,Lukas Dostal,ANA,G,5on5,54,148814.0,119.69,105.0,2731.0,91.17,130.0,354.31,322.0,1417.98,1247.0,39.94,3.0,776.36,624.0,573.73,780.0,115.63,1482.0,375.0,106.0,43.81,47.44,28.44,44.0,45.0,16.0,768.0,0.0,0.0
8480843,2024,Lukas Dostal,ANA,G,4on5,54,13759.0,29.69,34.0,417.0,21.82,31.0,49.84,54.0,236.1,224.0,0.92,0.0,137.45,107.0,73.48,93.0,27.31,229.0,52.0,39.0,5.31,5.93,18.44,7.0,9.0,18.0,97.0,0.0,0.0
8480843,2024,Lukas Dostal,ANA,G,5on4,54,14882.0,3.7,3.0,59.0,1.98,0.0,5.66,2.0,39.59,37.0,7.23,0.0,12.11,11.0,27.11,36.0,3.66,35.0,13.0,4.0,1.1,1.67,0.93,1.0,1.0,1.0,7.0,0.0,0.0
8481519,2024,Spencer Knight,CHI,G,other,38,2943.0,6.79,5.0,82.0,3.72,7.0,10.12,6.0,48.81,50.0,1.17,0.0,27.17,31.0,15.46,16.0,6.23,42.0,13.0,10.0,1.55,1.7,3.54,1.0,1.0,3.0,17.0,0.0,0.0
8481519,2024,Spencer Knight,CHI,G,all,38,132171.0,106.9,100.0,2072.0,78.61,123.0,276.82,224.0,1131.43,1012.0,36.19,2.0,618.39,483.0,438.41,624.0,101.97,1152.0,281.0,125.0,33.05,34.72,39.12,46.0,28.0,26.0,514.0,0.0,0.0
8481519,2024,Spencer Knight,CHI,G,5on5,38,112756.0,81.39,74.0,1731.0,62.05,96.0,235.82,193.0,934.76,825.0,30.06,2.0,512.9,396.0,371.85,534.0,78.3,979.0,226.0,91.0,27.99,27.87,25.53,42.0,19.0,13.0,435.0,0.0,0.0
8481519,2024,Spencer Knight,CHI,G,4on5,38,8540.0,15.73,18.0,223.0,11.56,16.0,26.75,23.0,123.12,108.0,0.94,0.0,70.48,49.0,36.18,58.0,15.13,112.0,34.0,19.0,3.07,4.19,8.48,2.0,6.0,10.0,58.0,0.0,0.0
8481519,2024,Spencer Knight,CHI,G,5on4,38,7932.0,2.43,3.0,28.0,0.94,4.0,3.18,1.0,19.45,23.0,3.84,0.0,5.51,5.0,12.24,12.0,1.77,14.0,7.0,4.0,0.22,0.87,1.34,1.0,2.0,0.0,3.0,0.0,0.0
8480981,2024,Joel Hofer,STL,G,other,31,2714.0,4.16,5.0,66.0,2.59,2.0,6.69,10.0,35.68,36.0,0.94,2.0,21.75,16.0,12.62,16.0,4.04,28.0,19.0,2.0,1.09,2.19,0.88,2.0,3.0,0.0,17.0,0.0,0.0
8480981,2024,Joel Hofer,STL,G,all,31,100729.0,69.66,74.0,1608.0,53.45,69.0,200.09,208.0,822.92,767.0,24.07,4.0,455.08,354.0,333.99,434.0,66.82,859.0,218.0,63.0,24.1,26.29,19.27,28.0,33.0,13.0,468.0,2.0,1.0
8480981,2024,Joel Hofer,STL,G,5on5,31,86093.0,53.71,47.0,1360.0,42.34,58.0,171.04,180.0,679.68,630.0,19.65,1.0,372.28,292.0,278.66,363.0,51.67,728.0,164.0,49.0,19.74,19.99,13.97,17.0,22.0,8.0,419.0,2.0,1.0
8480981,2024,Joel Hofer,STL,G,4on5,31,4995.0,10.2,17.0,148.0,7.48,8.0,18.99,17.0,86.25,79.0,0.45,0.0,53.81,41.0,27.63,38.0,9.61,80.0,31.0,10.0,2.68,3.57,3.95,6.0,6.0,5.0,27.0,0.0,0.0
8480981,2024,Joel Hofer,STL,G,5on4,31,6927.0,1.47,4.0,33.0,0.99,1.0,3.21,1.0,20.6,21.0,2.92,1.0,6.76,5.0,14.88,17.0,1.4,23.0,3.0,2.0,0.58,0.42,0.47,3.0,1.0,0.0,5.0,0.0,0.0
8478848,2024,Ales Stezka,SEA,G,other,1,0.0,0.0,0.0,0.0,0.0,0.0,0.0,0.0,0.0,0.0,0.0,0.0,0.0,0.0,0.0,0.0,0.0,0.0,0.0,0.0,0.0,0.0,0.0,0.0,0.0,0.0,0.0,0.0,0.0
8478848,2024,Ales Stezka,SEA,G,all,1,3500.0,2.54,3.0,50.0,2.1,1.0,7.11,5.0,30.28,23.0,1.16,0.0,16.91,17.0,12.36,15.0,2.48,30.0,12.0,0.0,1.07,1.47,0.0,1.0,2.0,0.0,8.0,0.0,0.0
8478848,2024,Ales Stezka,SEA,G,5on5,1,3380.0,2.38,2.0,48.0,2.01,1.0,6.96,5.0,28.81,21.0,1.02,0.0,16.41,17.0,11.3,14.0,2.33,29.0,11.0,0.0,1.03,1.34,0.0,0.0,2.0,0.0,8.0,0.0,0.0
8478848,2024,Ales Stezka,SEA,G,4on5,1,0.0,0.0,0.0,0.0,0.0,0.0,0.0,0.0,0.0,0.0,0.0,0.0,0.0,0.0,0.0,0.0,0.0,0.0,0.0,0.0,0.0,0.0,0.0,0.0,0.0,0.0,0.0,0.0,0.0
8478848,2024,Ales Stezka,SEA,G,5on4,1,120.0,0.16,1.0,2.0,0.09,0.0,0.15,0.0,1.48,2.0,0.13,0.0,0.51,0.0,1.06,1.0,0.16,1.0,1.0,0.0,0.04,0.12,0.0,1.0,0.0,0.0,0.0,0.0,0.0
8482221,2024,Devon Levi,BUF,G,other,9,647.0,0.4,1.0,9.0,0.21,0.0,0.75,1.0,3.87,4.0,0.14,0.0,1.75,1.0,1.77,2.0,0.4,3.0,2.0,0.0,0.13,0.27,0.0,0.0,1.0,0.0,4.0,0.0,0.0
8482221,2024,Devon Levi,BUF,G,all,9,28838.0,24.97,33.0,452.0,17.98,34.0,62.89,48.0,254.57,258.0,8.47,0.0,138.27,100.0,99.16,136.0,23.97,265.0,57.0,30.0,7.94,7.39,9.63,12.0,12.0,9.0,100.0,0.0,0.0
8482221,2024,Devon Levi,BUF,G,5on5,9,23510.0,17.43,24.0,351.0,12.88,27.0,50.62,34.0,194.48,196.0,7.23,0.0,103.47,73.0,77.78,110.0,16.75,204.0,46.0,19.0,6.0,6.13,5.31,10.0,10.0,4.0,82.0,0.0,0.0
8482221,2024,Devon Levi,BUF,G,4on5,9,2583.0,6.72,8.0,84.0,4.56,7.0,10.68,12.0,50.77,51.0,0.16,0.0,30.92,26.0,15.52,17.0,6.4,52.0,7.0,11.0,1.63,0.76,4.33,2.0,1.0,5.0,14.0,0.0,0.0
8482221,2024,Devon Levi,BUF,G,5on4,9,2098.0,0.42,0.0,8.0,0.33,0.0,0.84,1.0,5.45,7.0,0.84,0.0,2.13,0.0,4.08,7.0,0.41,6.0,2.0,0.0,0.19,0.23,0.0,0.0,0.0,0.0,0.0,0.0,0.0
8478492,2024,Ilya Samsonov,VGK,G,other,29,2016.0,4.79,2.0,58.0,2.57,2.0,5.98,5.0,30.22,21.0,0.37,0.0,18.04,19.0,7.58,12.0,4.36,21.0,12.0,7.0,0.81,1.36,2.61,0.0,1.0,1.0,18.0,0.0,0.0
8478492,2024,Ilya Samsonov,VGK,G,all,29,104722.0,82.61,82.0,1672.0,58.53,102.0,216.99,159.0,876.73,752.0,31.32,1.0,469.03,418.0,339.74,435.0,77.98,882.0,218.0,97.0,25.21,27.28,30.12,36.0,29.0,17.0,475.0,4.0,2.0
8478492,2024,Ilya Samsonov,VGK,G,5on5,29,91634.0,64.9,59.0,1421.0,48.14,86.0,189.9,143.0,745.53,643.0,27.21,1.0,396.38,348.0,294.96,383.0,61.56,768.0,179.0,73.0,21.26,22.92,20.73,31.0,21.0,7.0,401.0,4.0,2.0
8478492,2024,Ilya Samsonov,VGK,G,4on5,29,5328.0,10.7,17.0,158.0,6.66,12.0,17.54,9.0,79.85,66.0,0.38,0.0,46.95,44.0,24.5,27.0,10.12,74.0,22.0,13.0,2.61,2.49,5.59,3.0,6.0,8.0,49.0,0.0,0.0
8478492,2024,Ilya Samsonov,VGK,G,5on4,29,5744.0,0.66,1.0,18.0,0.51,0.0,1.57,1.0,10.98,11.0,3.23,0.0,3.63,2.0,8.29,11.0,0.65,12.0,2.0,1.0,0.23,0.2,0.23,1.0,0.0,0.0,3.0,0.0,0.0
8475683,2024,Sergei Bobrovsky,FLA,G,other,54,5917.0,11.14,8.0,150.0,6.13,6.0,17.91,10.0,85.04,77.0,2.14,0.0,47.65,43.0,29.27,48.0,10.14,76.0,24.0,15.0,2.79,2.97,5.38,2.0,3.0,3.0,35.0,0.0,0.0
8475683,2024,Sergei Bobrovsky,FLA,G,all,54,191999.0,137.24,130.0,2756.0,98.95,140.0,369.94,304.0,1500.07,1377.0,62.05,4.0,812.53,692.0,591.81,793.0,130.71,1569.0,337.0,155.0,42.28,41.09,53.87,45.0,50.0,35.0,695.0,4.0,2.0
8475683,2024,Sergei Bobrovsky,FLA,G,5on5,54,155950.0,91.16,86.0,2161.0,71.17,110.0,296.48,246.0,1151.33,1058.0,49.61,1.0,619.9,525.0,470.43,621.0,88.01,1243.0,254.0,91.0,33.7,31.18,26.29,38.0,37.0,11.0,573.0,4.0,2.0
8475683,2024,Sergei Bobrovsky,FLA,G,4on5,54,15259.0,32.67,33.0,397.0,20.28,23.0,50.43,46.0,231.36,204.0,1.35,0.0,134.15,113.0,69.7,98.0,30.39,217.0,52.0,46.0,4.91,6.24,21.52,3.0,9.0,21.0,82.0,0.0,0.0
8475683,2024,Sergei Bobrovsky,FLA,G,5on4,54,14873.0,1.54,3.0,40.0,1.08,1.0,4.27,1.0,27.85,32.0,8.68,3.0,8.79,7.0,20.47,25.0,1.5,31.0,5.0,1.0,0.76,0.54,0.24,2.0,1.0,0.0,3.0,0.0,0.0
8478905,2024,Ivan Fedotov,PHI,G,other,26,1867.0,3.9,7.0,53.0,1.72,2.0,3.97,3.0,22.36,20.0,0.7,0.0,13.32,9.0,7.24,10.0,3.67,10.0,17.0,4.0,0.41,1.9,1.6,1.0,4.0,2.0,22.0,0.0,0.0
8478905,2024,Ivan Fedotov,PHI,G,all,26,85741.0,61.36,75.0,1364.0,44.9,64.0,163.34,133.0,675.68,624.0,23.53,1.0,368.44,266.0,276.07,396.0,58.96,686.0,196.0,55.0,20.07,24.25,17.04,32.0,31.0,12.0,427.0,0.0,0.0
8478905,2024,Ivan Fedotov,PHI,G,5on5,26,72671.0,46.82,59.0,1155.0,36.8,55.0,143.2,118.0,571.6,532.0,19.64,1.0,314.35,228.0,234.61,333.0,45.06,611.0,143.0,41.0,17.19,17.75,11.88,29.0,24.0,6.0,360.0,0.0,0.0
8478905,2024,Ivan Fedotov,PHI,G,4on5,26,4997.0,8.07,8.0,113.0,4.96,7.0,12.01,10.0,56.45,46.0,0.39,0.0,31.33,24.0,17.65,27.0,7.66,40.0,27.0,9.0,1.36,3.44,3.27,1.0,3.0,4.0,37.0,0.0,0.0
8478905,2024,Ivan Fedotov,PHI,G,5on4,26,6206.0,1.63,0.0,26.0,0.87,0.0,2.54,2.0,16.11,17.0,2.6,0.0,5.52,4.0,11.86,17.0,1.63,17.0,5.0,1.0,0.73,0.6,0.3,0.0,0.0,0.0,3.0,0.0,0.0
8478470,2024,Sam Montembeault,MTL,G,other,62,5868.0,20.01,11.0,217.0,8.94,24.0,23.03,15.0,118.21,98.0,1.6,2.0,64.39,63.0,36.41,44.0,16.77,87.0,40.0,30.0,3.36,5.09,11.55,3.0,5.0,3.0,60.0,0.0,0.0
8478470,2024,Sam Montembeault,MTL,G,all,62,212039.0,190.59,166.0,3694.0,127.21,198.0,453.37,341.0,1907.08,1679.0,55.78,7.0,1015.65,812.0,734.22,1067.0,178.31,1864.0,497.0,224.0,54.67,62.12,73.8,61.0,66.0,39.0,1109.0,0.0,0.0
8478470,2024,Sam Montembeault,MTL,G,5on5,62,172900.0,134.76,120.0,2902.0,93.01,154.0,370.52,275.0,1485.81,1295.0,45.36,2.0,782.08,592.0,590.58,879.0,129.51,1490.0,381.0,150.0,43.97,48.09,42.71,50.0,51.0,19.0,881.0,0.0,0.0
8478470,2024,Sam Montembeault,MTL,G,4on5,62,17171.0,32.01,31.0,506.0,23.06,20.0,52.3,48.0,259.71,240.0,1.45,0.0,154.26,144.0,79.09,106.0,28.27,243.0,66.0,40.0,5.91,7.62,18.49,6.0,9.0,16.0,157.0,0.0,0.0
8478470,2024,Sam Montembeault,MTL,G,5on4,62,16100.0,3.1,3.0,57.0,1.73,0.0,5.59,2.0,34.75,36.0,7.22,3.0,11.4,9.0,24.04,33.0,3.08,35.0,8.0,4.0,0.99,1.04,1.06,1.0,1.0,1.0,10.0,0.0,0.0
8475839,2024,Louis Domingue,NYR,G,other,1,38.0,0.0,0.0,0.0,0.0,0.0,0.0,0.0,0.0,0.0,0.0,0.0,0.0,0.0,0.0,0.0,0.0,0.0,0.0,0.0,0.0,0.0,0.0,0.0,0.0,0.0,0.0,0.0,0.0
8475839,2024,Louis Domingue,NYR,G,all,1,3600.0,1.93,2.0,45.0,1.52,2.0,5.99,8.0,24.12,27.0,1.03,0.0,13.45,12.0,10.32,10.0,1.82,27.0,4.0,3.0,0.61,0.54,0.78,1.0,1.0,0.0,11.0,0.0,0.0
8475839,2024,Louis Domingue,NYR,G,5on5,1,3442.0,1.89,2.0,44.0,1.47,2.0,5.83,7.0,23.39,26.0,1.03,0.0,13.04,12.0,10.0,10.0,1.78,26.0,4.0,3.0,0.57,0.54,0.78,1.0,1.0,0.0,11.0,0.0,0.0
8475839,2024,Louis Domingue,NYR,G,4on5,1,120.0,0.04,0.0,1.0,0.05,0.0,0.16,1.0,0.73,1.0,0.0,0.0,0.41,0.0,0.32,0.0,0.04,1.0,0.0,0.0,0.04,0.0,0.0,0.0,0.0,0.0,0.0,0.0,0.0
8475839,2024,Louis Domingue,NYR,G,5on4,1,0.0,0.0,0.0,0.0,0.0,0.0,0.0,0.0,0.0,0.0,0.0,0.0,0.0,0.0,0.0,0.0,0.0,0.0,0.0,0.0,0.0,0.0,0.0,0.0,0.0,0.0,0.0,0.0,0.0
8480885,2024,Olivier Rodrigue,EDM,G,other,2,281.0,0.39,0.0,5.0,0.27,0.0,0.54,2.0,3.25,3.0,0.17,0.0,1.37,0.0,1.34,2.0,0.39,2.0,2.0,0.0,0.09,0.3,0.0,0.0,0.0,0.0,1.0,0.0,0.0
8480885,2024,Olivier Rodrigue,EDM,G,all,2,4645.0,3.35,4.0,61.0,2.44,2.0,8.38,11.0,35.96,29.0,1.64,0.0,19.63,12.0,13.99,20.0,3.24,33.0,15.0,1.0,1.11,1.88,0.36,0.0,4.0,0.0,12.0,0.0,0.0
8480885,2024,Olivier Rodrigue,EDM,G,5on5,2,3522.0,2.13,4.0,48.0,1.67,1.0,6.56,9.0,26.71,24.0,1.24,0.0,14.91,10.0,10.86,13.0,2.09,27.0,10.0,0.0,0.85,1.27,0.0,0.0,4.0,0.0,11.0,0.0,0.0
8480885,2024,Olivier Rodrigue,EDM,G,4on5,2,406.0,0.83,0.0,8.0,0.5,1.0,1.28,0.0,6.01,2.0,0.02,0.0,3.36,2.0,1.79,5.0,0.76,4.0,3.0,1.0,0.17,0.31,0.36,0.0,0.0,0.0,0.0,0.0,0.0
8480885,2024,Olivier Rodrigue,EDM,G,5on4,2,436.0,0.0,0.0,0.0,0.0,0.0,0.0,0.0,0.0,0.0,0.22,0.0,0.0,0.0,0.0,0.0,0.0,0.0,0.0,0.0,0.0,0.0,0.0,0.0,0.0,0.0,0.0,0.0,0.0
8475852,2024,Petr Mrazek,DET,G,other,38,2630.0,4.95,4.0,68.0,2.91,9.0,7.85,5.0,36.2,38.0,0.98,0.0,22.39,21.0,11.5,12.0,4.24,28.0,17.0,6.0,1.08,2.15,1.72,1.0,2.0,1.0,17.0,0.0,0.0
8475852,2024,Petr Mrazek,DET,G,all,38,124807.0,102.03,116.0,2189.0,77.06,132.0,277.3,212.0,1127.75,1066.0,29.88,3.0,615.47,503.0,440.85,586.0,97.4,1134.0,311.0,106.0,31.96,38.39,31.68,39.0,54.0,23.0,638.0,0.0,0.0
8475852,2024,Petr Mrazek,DET,G,5on5,38,103889.0,76.78,86.0,1820.0,59.74,104.0,233.91,178.0,917.25,855.0,24.18,2.0,498.1,412.0,365.35,483.0,73.98,941.0,249.0,75.0,26.62,30.93,19.23,35.0,38.0,13.0,555.0,0.0,0.0
8475852,2024,Petr Mrazek,DET,G,4on5,38,9942.0,17.9,20.0,262.0,13.09,19.0,31.43,27.0,145.92,147.0,0.81,0.0,85.96,68.0,44.71,64.0,16.79,140.0,34.0,24.0,3.43,4.01,10.46,2.0,9.0,9.0,64.0,0.0,0.0
8475852,2024,Petr Mrazek,DET,G,5on4,38,8346.0,2.05,4.0,36.0,1.15,0.0,3.72,2.0,25.97,24.0,3.9,1.0,7.96,2.0,18.33,26.0,2.04,25.0,8.0,1.0,0.82,0.96,0.27,1.0,3.0,0.0,2.0,0.0,0.0
8482447,2024,Leevi Merilinen,OTT,G,other,12,1262.0,2.73,2.0,37.0,1.33,3.0,4.01,6.0,19.59,24.0,0.48,0.0,10.55,7.0,6.67,8.0,2.51,17.0,5.0,4.0,0.68,0.65,1.4,1.0,0.0,1.0,11.0,0.0,0.0
8482447,2024,Leevi Merilinen,OTT,G,all,12,39779.0,28.75,22.0,610.0,19.6,32.0,77.0,71.0,310.3,295.0,11.26,1.0,164.68,125.0,125.21,176.0,26.54,320.0,76.0,30.0,8.77,9.67,10.32,8.0,6.0,8.0,184.0,0.0,0.0
8482447,2024,Leevi Merilinen,OTT,G,5on5,12,31817.0,17.36,17.0,481.0,14.25,21.0,62.06,55.0,235.34,220.0,8.55,1.0,127.86,100.0,98.12,135.0,16.8,262.0,50.0,16.0,6.71,6.54,4.12,7.0,5.0,5.0,153.0,0.0,0.0
8482447,2024,Leevi Merilinen,OTT,G,4on5,12,3267.0,7.78,3.0,74.0,3.47,7.0,8.7,9.0,42.91,42.0,0.22,0.0,22.34,17.0,12.36,20.0,6.39,29.0,17.0,10.0,1.02,1.97,4.79,0.0,1.0,2.0,18.0,0.0,0.0
8482447,2024,Leevi Merilinen,OTT,G,5on4,12,3433.0,0.69,0.0,15.0,0.42,1.0,1.96,0.0,10.89,8.0,1.94,0.0,3.23,1.0,7.36,12.0,0.67,11.0,3.0,0.0,0.33,0.37,0.0,0.0,0.0,0.0,1.0,0.0,0.0
8482076,2024,Nico Daws,NJD,G,other,6,746.0,1.17,2.0,17.0,0.73,3.0,2.34,0.0,9.84,8.0,0.17,0.0,5.19,6.0,4.14,3.0,1.03,9.0,3.0,2.0,0.28,0.35,0.54,1.0,1.0,0.0,3.0,0.0,0.0
8482076,2024,Nico Daws,NJD,G,all,6,15771.0,11.95,7.0,269.0,9.51,16.0,34.84,19.0,139.35,114.0,4.48,0.0,78.75,62.0,54.21,90.0,11.49,143.0,42.0,9.0,4.0,5.27,2.69,3.0,4.0,0.0,75.0,0.0,0.0
8482076,2024,Nico Daws,NJD,G,5on5,6,12501.0,7.53,5.0,204.0,6.5,7.0,26.71,14.0,104.0,84.0,3.85,0.0,58.24,41.0,41.63,77.0,7.37,109.0,33.0,2.0,2.91,4.17,0.46,2.0,3.0,0.0,60.0,0.0,0.0
8482076,2024,Nico Daws,NJD,G,4on5,6,1569.0,3.07,0.0,44.0,2.17,6.0,5.45,5.0,23.13,20.0,0.15,0.0,14.56,15.0,6.9,7.0,2.91,23.0,5.0,5.0,0.77,0.61,1.69,0.0,0.0,0.0,11.0,0.0,0.0
8482076,2024,Nico Daws,NJD,G,5on4,6,955.0,0.18,0.0,4.0,0.11,0.0,0.33,0.0,2.38,2.0,0.3,0.0,0.76,0.0,1.55,3.0,0.18,2.0,1.0,0.0,0.04,0.14,0.0,0.0,0.0,0.0,1.0,0.0,0.0
8481707,2024,Erik Portillo,LAK,G,other,1,91.0,0.19,0.0,4.0,0.13,0.0,0.44,0.0,1.64,1.0,0.04,0.0,0.89,1.0,0.3,1.0,0.17,1.0,1.0,0.0,0.05,0.14,0.0,0.0,0.0,0.0,2.0,0.0,0.0
8481707,2024,Erik Portillo,LAK,G,all,1,3517.0,2.74,1.0,59.0,2.33,5.0,8.63,6.0,35.68,29.0,0.89,0.0,20.03,18.0,14.08,19.0,2.55,37.0,10.0,2.0,1.13,1.14,0.47,0.0,1.0,0.0,10.0,0.0,0.0
8481707,2024,Erik Portillo,LAK,G,5on5,1,2826.0,1.71,1.0,46.0,1.6,3.0,6.75,5.0,27.11,21.0,0.7,0.0,15.51,14.0,11.5,15.0,1.64,32.0,5.0,1.0,0.93,0.54,0.23,0.0,1.0,0.0,8.0,0.0,0.0
8481707,2024,Erik Portillo,LAK,G,4on5,1,360.0,0.81,0.0,8.0,0.57,2.0,1.36,1.0,6.24,7.0,0.02,0.0,3.4,3.0,1.65,2.0,0.71,3.0,4.0,1.0,0.12,0.46,0.23,0.0,0.0,0.0,0.0,0.0,0.0
8481707,2024,Erik Portillo,LAK,G,5on4,1,240.0,0.03,0.0,1.0,0.03,0.0,0.08,0.0,0.69,0.0,0.13,0.0,0.23,0.0,0.63,1.0,0.03,1.0,0.0,0.0,0.03,0.0,0.0,0.0,0.0,0.0,0.0,0.0,0.0
8480045,2024,Ukko-Pekka Luukkonen,BUF,G,other,55,6626.0,16.32,19.0,197.0,8.07,11.0,20.13,11.0,102.57,96.0,1.89,1.0,58.84,59.0,31.02,38.0,13.73,80.0,38.0,20.0,3.33,4.63,8.36,6.0,6.0,7.0,59.0,0.0,0.0
8480045,2024,Ukko-Pekka Luukkonen,BUF,G,all,55,190333.0,160.42,169.0,3115.0,112.19,180.0,397.39,293.0,1649.26,1490.0,53.98,5.0,898.79,766.0,647.72,854.0,150.89,1670.0,430.0,172.0,47.46,54.71,58.25,58.0,62.0,49.0,843.0,2.0,1.0
8480045,2024,Ukko-Pekka Luukkonen,BUF,G,5on5,55,155261.0,109.4,116.0,2471.0,83.85,145.0,326.02,245.0,1292.07,1157.0,43.26,3.0,702.17,592.0,519.15,679.0,105.11,1342.0,337.0,105.0,37.95,42.98,28.48,50.0,47.0,19.0,687.0,2.0,1.0
8480045,2024,Ukko-Pekka Luukkonen,BUF,G,4on5,55,14093.0,30.83,31.0,380.0,17.88,23.0,44.25,35.0,207.73,194.0,1.56,1.0,122.46,104.0,65.54,93.0,28.24,201.0,45.0,42.0,4.86,5.67,20.3,1.0,8.0,22.0,92.0,0.0,0.0
8480045,2024,Ukko-Pekka Luukkonen,BUF,G,5on4,55,14353.0,3.48,3.0,61.0,2.14,1.0,6.07,2.0,42.26,43.0,7.01,0.0,13.39,11.0,29.61,38.0,3.45,43.0,8.0,5.0,1.17,1.21,1.11,1.0,1.0,1.0,5.0,0.0,0.0
